time_stamp,sensor_index,humidity,temperature,pm2.5_atm_a,pm2.5_atm_b,pm2.5_cf_1_a,pm2.5_cf_1_b
2021-01-01 00:00:00+00:00,1302,57.0,44.0,23.168,22.414,23.168,22.414
2021-01-01 00:10:00+00:00,1302,57.2,44.0,18.31,19.008,18.31,19.008
2021-01-01 00:20:00+00:00,1302,57.0,44.0,15.964,15.414,15.964,15.414
2021-01-01 00:30:00+00:00,1302,57.4,44.0,15.792,15.514,15.792,15.514
2021-01-01 00:40:00+00:00,1302,57.8,44.0,15.46,15.136,15.46,15.136
2021-01-01 00:50:00+00:00,1302,57.8,44.0,14.834,14.152,14.834,14.152
2021-01-01 01:00:00+00:00,1302,58.0,44.0,15.808,15.096,15.808,15.096
2021-01-01 01:10:00+00:00,1302,58.0,44.0,17.626,15.794,17.626,15.794
2021-01-01 01:20:00+00:00,1302,58.2,44.0,17.82,16.794,17.82,16.794
2021-01-01 01:30:00+00:00,1302,59.0,43.4,17.804,17.02,17.804,17.02
2021-01-01 01:40:00+00:00,1302,59.0,43.0,16.24,15.602,16.24,15.602
2021-01-01 01:50:00+00:00,1302,59.6,43.0,21.288,20.866,21.288,20.866
2021-01-01 02:00:00+00:00,1302,60.0,43.0,21.48,20.628,21.48,20.628
2021-01-01 02:10:00+00:00,1302,59.2,43.8,20.056,19.752,20.056,19.752
2021-01-01 02:20:00+00:00,1302,59.0,43.6,18.366,17.62,18.366,17.62
2021-01-01 02:30:00+00:00,1302,59.0,44.0,22.296,21.46,22.296,21.46
2021-01-01 02:40:00+00:00,1302,59.0,43.6,28.87,27.064,28.87,27.064
2021-01-01 02:50:00+00:00,1302,59.4,43.0,25.436,24.13,25.436,24.13
2021-01-01 03:00:00+00:00,1302,59.0,43.0,24.442,23.828,24.442,23.828
2021-01-01 03:10:00+00:00,1302,59.6,43.0,28.834,27.412,28.834,27.412
2021-01-01 03:20:00+00:00,1302,59.0,43.0,30.388,29.55,30.392,29.55
2021-01-01 03:30:00+00:00,1302,59.8,43.0,30.628,30.254,30.628,30.254
2021-01-01 03:40:00+00:00,1302,60.0,42.8,30.846,29.28,30.846,29.28
2021-01-01 03:50:00+00:00,1302,60.8,42.0,33.3,31.282,33.358,31.282
2021-01-01 04:00:00+00:00,1302,61.0,42.0,29.972,27.33,29.986,27.33
2021-01-01 04:10:00+00:00,1302,61.0,42.2,30.75,29.388,31.184,29.388
2021-01-01 04:20:00+00:00,1302,61.0,43.0,28.384,27.67,28.444,27.67
2021-01-01 04:30:00+00:00,1302,60.4,43.0,26.338,25.282,26.338,25.282
2021-01-01 04:40:00+00:00,1302,60.0,43.0,28.04,25.954,28.04,25.954
2021-01-01 04:50:00+00:00,1302,60.8,42.2,23.624,22.078,23.624,22.078
2021-01-01 05:00:00+00:00,1302,61.0,42.0,22.262,21.436,22.262,21.436
2021-01-01 05:10:00+00:00,1302,61.0,42.4,22.874,22.16,22.874,22.16
2021-01-01 05:20:00+00:00,1302,61.0,43.0,28.842,27.346,28.842,27.346
2021-01-01 05:30:00+00:00,1302,60.6,43.0,29.5,27.648,29.5,27.648
2021-01-01 05:40:00+00:00,1302,60.8,43.0,31.0,29.88,31.17,29.88
2021-01-01 05:50:00+00:00,1302,60.4,42.8,30.474,30.198,30.474,30.198
2021-01-01 06:00:00+00:00,1302,61.0,42.6,27.274,26.312,27.274,26.312
2021-01-01 06:10:00+00:00,1302,61.6,42.2,25.96,25.974,25.96,25.974
2021-01-01 06:20:00+00:00,1302,61.4,42.2,24.51,22.946,24.51,22.946
2021-01-01 06:30:00+00:00,1302,61.2,42.8,21.716,21.222,21.716,21.222
2021-01-01 06:40:00+00:00,1302,61.4,43.0,22.334,20.92,22.334,20.92
2021-01-01 06:50:00+00:00,1302,61.0,43.0,27.248,26.792,28.006,26.838
2021-01-01 07:00:00+00:00,1302,61.0,43.0,21.536,21.344,21.536,21.344
2021-01-01 07:10:00+00:00,1302,61.0,43.0,20.42,19.24,20.42,19.24
2021-01-01 07:20:00+00:00,1302,61.0,43.0,21.65,19.926,21.65,19.926
2021-01-01 07:30:00+00:00,1302,61.0,43.0,21.146,20.036,21.146,20.036
2021-01-01 07:40:00+00:00,1302,61.0,43.0,19.702,18.762,19.702,18.762
2021-01-01 07:50:00+00:00,1302,61.0,43.0,18.912,18.148,18.912,18.148
2021-01-01 08:00:00+00:00,1302,61.4,42.6,17.9,17.464,17.9,17.464
2021-01-01 08:10:00+00:00,1302,61.4,43.0,17.586,15.866,17.586,15.866
2021-01-01 08:20:00+00:00,1302,60.8,43.0,17.492,16.694,17.492,16.694
2021-01-01 08:30:00+00:00,1302,60.8,43.6,17.656,16.898,17.656,16.898
2021-01-01 08:40:00+00:00,1302,60.0,44.0,19.376,18.902,19.376,18.902
2021-01-01 08:50:00+00:00,1302,60.0,44.0,20.21,18.838,20.21,18.838
2021-01-01 09:00:00+00:00,1302,60.0,44.0,19.344,18.988,19.344,18.988
2021-01-01 09:10:00+00:00,1302,59.8,44.0,19.532,18.706,19.532,18.706
2021-01-01 09:20:00+00:00,1302,60.0,44.0,19.362,18.548,19.362,18.548
2021-01-01 09:30:00+00:00,1302,60.0,44.0,19.62,18.1,19.62,18.1
2021-01-01 09:40:00+00:00,1302,60.0,44.0,18.824,18.258,18.824,18.258
2021-01-01 09:50:00+00:00,1302,60.0,44.0,18.064,17.888,18.064,17.888
2021-01-01 10:00:00+00:00,1302,60.0,43.6,17.186,16.254,17.186,16.254
2021-01-01 10:10:00+00:00,1302,60.2,44.0,17.228,16.352,17.228,16.352
2021-01-01 10:20:00+00:00,1302,60.0,44.0,15.802,15.832,15.802,15.832
2021-01-01 10:30:00+00:00,1302,60.0,44.0,16.592,16.03,16.592,16.03
2021-01-01 10:40:00+00:00,1302,60.0,44.0,15.822,14.844,15.822,14.844
2021-01-01 10:50:00+00:00,1302,60.0,44.0,14.316,13.398,14.316,13.398
2021-01-01 11:00:00+00:00,1302,60.0,44.0,13.506,12.8,13.506,12.8
2021-01-01 11:10:00+00:00,1302,61.0,44.0,14.348,12.718,14.348,12.718
2021-01-01 11:20:00+00:00,1302,61.0,44.0,13.962,13.646,13.962,13.646
2021-01-01 11:30:00+00:00,1302,60.8,44.0,13.096,12.734,13.096,12.734
2021-01-01 11:40:00+00:00,1302,61.0,44.0,14.958,14.03,14.958,14.03
2021-01-01 11:50:00+00:00,1302,61.0,44.0,14.306,13.602,14.306,13.602
2021-01-01 12:00:00+00:00,1302,61.0,44.0,10.196,9.818,10.196,9.818
2021-01-01 12:10:00+00:00,1302,61.2,44.0,7.326,6.88,7.326,6.88
2021-01-01 12:20:00+00:00,1302,61.6,43.8,5.704,4.902,5.704,4.902
2021-01-01 12:30:00+00:00,1302,62.0,43.8,5.77,5.3,5.77,5.3
2021-01-01 12:40:00+00:00,1302,62.0,44.0,5.358,4.584,5.358,4.584
2021-01-01 12:50:00+00:00,1302,62.0,44.0,5.614,4.942,5.614,4.942
2021-01-01 13:00:00+00:00,1302,62.0,43.8,7.786,6.72,7.786,6.72
2021-01-01 13:10:00+00:00,1302,61.8,44.0,14.298,13.282,14.298,13.282
2021-01-01 13:20:00+00:00,1302,62.0,44.0,13.29,11.302,13.29,11.302
2021-01-01 13:30:00+00:00,1302,61.4,44.0,12.244,11.098,12.244,11.098
2021-01-01 13:40:00+00:00,1302,61.2,43.8,12.464,11.274,12.464,11.274
2021-01-01 13:50:00+00:00,1302,62.0,43.0,14.01,11.636,14.01,11.636
2021-01-01 14:00:00+00:00,1302,62.0,43.2,12.578,11.894,12.578,11.894
2021-01-01 14:10:00+00:00,1302,62.0,43.2,12.928,11.8,12.928,11.8
2021-01-01 14:20:00+00:00,1302,62.0,43.0,11.926,10.084,11.926,10.084
2021-01-01 14:30:00+00:00,1302,62.0,43.2,11.114,8.868,11.114,8.868
2021-01-01 14:40:00+00:00,1302,62.0,43.2,9.84,8.95,9.84,8.95
2021-01-01 14:50:00+00:00,1302,62.0,43.6,10.444,8.974,10.444,8.974
2021-01-01 15:00:00+00:00,1302,62.0,43.2,11.254,9.732,11.254,9.732
2021-01-01 15:10:00+00:00,1302,61.8,43.4,9.502,8.506,9.502,8.506
2021-01-01 15:20:00+00:00,1302,62.0,43.8,9.486,8.34,9.486,8.34
2021-01-01 15:30:00+00:00,1302,62.0,43.6,9.234,8.194,9.234,8.194
2021-01-01 15:40:00+00:00,1302,62.0,44.0,9.37,7.64,9.37,7.64
2021-01-01 15:50:00+00:00,1302,61.4,44.0,7.416,6.73,7.416,6.73
2021-01-01 16:00:00+00:00,1302,61.4,44.0,7.368,6.2,7.368,6.2
2021-01-01 16:10:00+00:00,1302,61.8,43.8,6.946,5.778,6.946,5.778
2021-01-01 16:20:00+00:00,1302,62.0,44.0,6.394,5.466,6.394,5.466
2021-01-01 16:30:00+00:00,1302,61.6,44.0,4.81,4.254,4.81,4.254
2021-01-01 16:40:00+00:00,1302,61.8,44.0,4.162,4.364,4.162,4.364
2021-01-01 16:50:00+00:00,1302,61.6,44.0,4.114,3.756,4.114,3.756
2021-01-01 17:00:00+00:00,1302,61.8,44.0,4.278,4.058,4.278,4.058
2021-01-01 17:10:00+00:00,1302,61.8,44.0,8.364,8.274,8.364,8.274
2021-01-01 17:20:00+00:00,1302,61.2,44.2,7.046,6.5,7.046,6.5
2021-01-01 17:30:00+00:00,1302,61.0,44.6,8.898,7.802,8.898,7.802
2021-01-01 17:40:00+00:00,1302,61.0,45.0,9.022,8.78,9.022,8.78
2021-01-01 17:50:00+00:00,1302,60.4,45.0,7.902,6.764,7.902,6.764
2021-01-01 18:00:00+00:00,1302,60.0,45.6,7.152,6.792,7.152,6.792
2021-01-01 18:10:00+00:00,1302,59.8,46.0,9.614,8.606,9.614,8.606
2021-01-01 18:20:00+00:00,1302,59.8,46.0,9.17,9.024,9.17,9.024
2021-01-01 18:30:00+00:00,1302,59.8,45.8,6.094,5.452,6.094,5.452
2021-01-01 18:40:00+00:00,1302,59.8,46.0,18.146,15.942,18.148,15.942
2021-01-01 18:50:00+00:00,1302,60.0,46.0,9.132,8.658,9.132,8.658
2021-01-01 19:00:00+00:00,1302,59.0,46.2,10.292,9.31,10.292,9.31
2021-01-01 19:10:00+00:00,1302,59.0,47.0,7.986,7.694,7.986,7.694
2021-01-01 19:20:00+00:00,1302,59.0,47.0,20.45,19.374,20.524,19.374
2021-01-01 19:30:00+00:00,1302,59.4,46.2,8.394,7.878,8.394,7.878
2021-01-01 19:40:00+00:00,1302,59.0,47.0,14.754,13.05,14.754,13.05
2021-01-01 19:50:00+00:00,1302,59.0,47.0,6.78,6.794,6.78,6.794
2021-01-01 20:00:00+00:00,1302,58.6,47.8,4.48,4.676,4.48,4.676
2021-01-01 20:10:00+00:00,1302,58.0,48.0,6.624,6.734,6.624,6.734
2021-01-01 20:20:00+00:00,1302,57.8,48.4,9.498,8.258,9.498,8.258
2021-01-01 20:30:00+00:00,1302,57.0,49.0,6.18,5.826,6.18,5.826
2021-01-01 20:40:00+00:00,1302,56.2,49.6,2.11,1.96,2.11,1.96
2021-01-01 20:50:00+00:00,1302,55.0,50.0,0.85,0.794,0.85,0.794
2021-01-01 21:00:00+00:00,1302,55.8,49.4,8.63,9.028,8.63,9.028
2021-01-01 21:10:00+00:00,1302,56.0,49.4,8.3,8.078,8.3,8.078
2021-01-01 21:20:00+00:00,1302,56.0,50.0,4.346,4.382,4.346,4.382
2021-01-01 21:30:00+00:00,1302,55.0,50.0,1.952,1.51,1.952,1.51
2021-01-01 21:40:00+00:00,1302,55.6,49.2,4.086,3.42,4.086,3.42
2021-01-01 21:50:00+00:00,1302,56.8,48.4,5.196,5.536,5.196,5.536
2021-01-01 22:00:00+00:00,1302,57.6,48.0,3.842,3.538,3.842,3.538
2021-01-01 22:10:00+00:00,1302,58.0,48.0,3.176,2.992,3.176,2.992
2021-01-01 22:20:00+00:00,1302,58.4,48.0,2.568,2.536,2.568,2.536
2021-01-01 22:30:00+00:00,1302,59.0,47.4,2.478,2.37,2.478,2.37
2021-01-01 22:40:00+00:00,1302,59.4,47.0,1.836,1.516,1.836,1.516
2021-01-01 22:50:00+00:00,1302,59.8,47.0,2.106,1.614,2.106,1.614
2021-01-01 23:00:00+00:00,1302,60.0,47.0,2.242,1.532,2.242,1.532
2021-01-01 23:10:00+00:00,1302,60.0,47.0,2.268,1.954,2.268,1.954
2021-01-01 23:20:00+00:00,1302,60.0,47.0,2.046,1.64,2.046,1.64
2021-01-01 23:30:00+00:00,1302,60.6,46.0,1.846,1.688,1.846,1.688
2021-01-01 23:40:00+00:00,1302,60.6,46.2,1.51,1.156,1.51,1.156
2021-01-01 23:50:00+00:00,1302,60.8,46.0,1.454,1.046,1.454,1.046
2021-01-02 00:00:00+00:00,1302,61.0,45.6,2.44,1.762,2.44,1.762
2021-01-02 00:10:00+00:00,1302,61.6,45.8,1.876,1.466,1.876,1.466
2021-01-02 00:20:00+00:00,1302,62.0,45.0,1.98,1.532,1.98,1.532
2021-01-02 00:30:00+00:00,1302,63.0,45.0,1.422,1.034,1.422,1.034
2021-01-02 00:40:00+00:00,1302,62.8,44.6,1.512,0.978,1.512,0.978
2021-01-02 00:50:00+00:00,1302,62.8,45.0,1.152,1.046,1.152,1.046
2021-01-02 01:00:00+00:00,1302,63.0,45.0,1.2,0.984,1.2,0.984
2021-01-02 01:10:00+00:00,1302,62.8,44.2,1.768,1.294,1.768,1.294
2021-01-02 01:20:00+00:00,1302,63.4,45.0,1.658,1.368,1.658,1.368
2021-01-02 01:30:00+00:00,1302,63.4,44.8,1.906,1.48,1.906,1.48
2021-01-02 01:40:00+00:00,1302,62.4,45.4,2.638,2.248,2.638,2.248
2021-01-02 01:50:00+00:00,1302,62.4,45.2,4.344,4.382,4.344,4.382
2021-01-02 02:00:00+00:00,1302,62.0,46.0,5.402,4.942,5.402,4.942
2021-01-02 02:10:00+00:00,1302,62.0,45.4,8.516,8.156,8.516,8.156
2021-01-02 02:20:00+00:00,1302,62.0,45.8,12.218,11.818,12.218,11.818
2021-01-02 02:30:00+00:00,1302,62.0,45.4,12.89,11.69,12.89,11.69
2021-01-02 02:40:00+00:00,1302,62.2,45.6,11.248,10.976,11.248,10.976
2021-01-02 02:50:00+00:00,1302,62.6,44.8,10.512,10.362,10.512,10.362
2021-01-02 03:00:00+00:00,1302,63.0,45.0,10.76,10.528,10.76,10.528
2021-01-02 03:10:00+00:00,1302,63.0,45.0,10.186,10.016,10.186,10.016
2021-01-02 03:20:00+00:00,1302,63.2,44.8,9.71,10.178,9.71,10.178
2021-01-02 03:30:00+00:00,1302,63.8,45.0,6.546,5.988,6.546,5.988
2021-01-02 03:40:00+00:00,1302,63.2,45.4,4.122,4.504,4.122,4.504
2021-01-02 03:50:00+00:00,1302,63.2,46.0,2.296,1.722,2.296,1.722
2021-01-02 04:00:00+00:00,1302,62.4,46.0,2.28,1.64,2.28,1.64
2021-01-02 04:10:00+00:00,1302,62.0,46.0,2.426,1.974,2.426,1.974
2021-01-02 04:20:00+00:00,1302,60.8,46.6,2.7,2.75,2.7,2.75
2021-01-02 04:30:00+00:00,1302,60.8,46.2,2.628,2.398,2.628,2.398
2021-01-02 04:40:00+00:00,1302,60.6,47.0,1.022,0.688,1.022,0.688
2021-01-02 04:50:00+00:00,1302,59.8,46.8,0.868,0.552,0.868,0.552
2021-01-02 05:00:00+00:00,1302,59.2,47.0,0.104,0.016,0.104,0.016
2021-01-02 05:10:00+00:00,1302,58.6,47.0,0.0,0.0,0.0,0.0
2021-01-02 05:20:00+00:00,1302,58.2,47.4,0.0,0.0,0.0,0.0
2021-01-02 05:30:00+00:00,1302,57.8,47.4,0.0,0.0,0.0,0.0
2021-01-02 05:40:00+00:00,1302,58.6,47.6,0.0,0.0,0.0,0.0
2021-01-02 05:50:00+00:00,1302,59.8,47.6,0.0,0.0,0.0,0.0
2021-01-02 06:00:00+00:00,1302,60.2,47.0,0.0,0.028,0.0,0.028
2021-01-02 06:10:00+00:00,1302,60.6,47.0,0.018,0.0,0.018,0.0
2021-01-02 06:20:00+00:00,1302,60.0,47.6,0.478,0.288,0.478,0.288
2021-01-02 06:30:00+00:00,1302,60.4,47.2,1.09,0.99,1.09,0.99
2021-01-02 06:40:00+00:00,1302,61.0,47.0,1.696,1.328,1.696,1.328
2021-01-02 06:50:00+00:00,1302,60.6,47.0,1.142,0.998,1.142,0.998
2021-01-02 07:00:00+00:00,1302,60.0,47.0,0.374,0.18,0.374,0.18
2021-01-02 07:10:00+00:00,1302,60.0,46.8,0.148,0.052,0.148,0.052
2021-01-02 07:20:00+00:00,1302,60.0,46.4,0.04,0.014,0.04,0.014
2021-01-02 07:30:00+00:00,1302,59.8,46.6,0.026,0.0,0.026,0.0
2021-01-02 07:40:00+00:00,1302,59.8,46.8,0.05,0.0,0.05,0.0
2021-01-02 07:50:00+00:00,1302,59.4,46.8,0.0,0.01,0.0,0.01
2021-01-02 08:00:00+00:00,1302,59.2,46.8,0.028,0.018,0.028,0.018
2021-01-02 08:10:00+00:00,1302,59.0,47.0,0.01,0.028,0.01,0.028
2021-01-02 08:20:00+00:00,1302,59.0,46.8,0.802,0.502,0.802,0.502
2021-01-02 08:30:00+00:00,1302,58.8,46.8,0.744,0.544,0.744,0.544
2021-01-02 08:40:00+00:00,1302,59.0,46.8,0.358,0.226,0.358,0.226
2021-01-02 08:50:00+00:00,1302,59.0,46.6,0.35,0.156,0.35,0.156
2021-01-02 09:00:00+00:00,1302,59.6,46.0,0.454,0.356,0.454,0.356
2021-01-02 09:10:00+00:00,1302,59.2,46.0,0.708,0.636,0.708,0.636
2021-01-02 09:20:00+00:00,1302,59.2,46.4,0.928,0.824,0.928,0.824
2021-01-02 09:30:00+00:00,1302,59.0,46.6,1.052,0.778,1.052,0.778
2021-01-02 09:40:00+00:00,1302,59.2,46.2,0.98,0.792,0.98,0.792
2021-01-02 09:50:00+00:00,1302,59.0,46.0,0.9,0.634,0.9,0.634
2021-01-02 10:00:00+00:00,1302,58.6,46.4,0.848,0.616,0.848,0.616
2021-01-02 10:10:00+00:00,1302,58.2,46.4,1.098,0.624,1.098,0.624
2021-01-02 10:20:00+00:00,1302,58.0,46.8,1.264,1.064,1.264,1.064
2021-01-02 10:30:00+00:00,1302,58.2,46.4,1.492,1.07,1.492,1.07
2021-01-02 10:40:00+00:00,1302,58.2,46.2,1.522,1.118,1.522,1.118
2021-01-02 10:50:00+00:00,1302,58.4,46.8,1.31,1.098,1.31,1.098
2021-01-02 11:00:00+00:00,1302,58.0,46.8,1.582,1.282,1.582,1.282
2021-01-02 11:10:00+00:00,1302,58.0,47.0,1.66,1.13,1.66,1.13
2021-01-02 11:20:00+00:00,1302,57.6,47.0,1.542,1.094,1.542,1.094
2021-01-02 11:30:00+00:00,1302,57.2,47.0,1.55,1.238,1.55,1.238
2021-01-02 11:40:00+00:00,1302,57.2,47.0,1.848,1.352,1.848,1.352
2021-01-02 11:50:00+00:00,1302,57.0,46.8,1.922,1.338,1.922,1.338
2021-01-02 12:00:00+00:00,1302,57.0,46.6,1.938,1.458,1.938,1.458
2021-01-02 12:10:00+00:00,1302,57.0,47.0,1.628,1.434,1.628,1.434
2021-01-02 12:20:00+00:00,1302,57.0,46.8,1.746,1.354,1.746,1.354
2021-01-02 12:30:00+00:00,1302,56.8,47.0,1.87,1.408,1.87,1.408
2021-01-02 12:40:00+00:00,1302,57.2,47.0,1.802,1.624,1.802,1.624
2021-01-02 12:50:00+00:00,1302,57.8,47.0,1.848,1.37,1.848,1.37
2021-01-02 13:00:00+00:00,1302,58.0,47.2,1.758,1.248,1.758,1.248
2021-01-02 13:10:00+00:00,1302,57.8,47.2,1.8,1.336,1.8,1.336
2021-01-02 13:20:00+00:00,1302,57.8,47.4,1.654,1.202,1.654,1.202
2021-01-02 13:30:00+00:00,1302,58.0,47.0,1.312,1.15,1.312,1.15
2021-01-02 13:40:00+00:00,1302,58.0,46.8,1.496,1.026,1.496,1.026
2021-01-02 13:50:00+00:00,1302,57.2,47.0,1.25,1.044,1.25,1.044
2021-01-02 14:00:00+00:00,1302,57.0,46.6,1.69,0.946,1.69,0.946
2021-01-02 14:10:00+00:00,1302,56.6,46.8,1.564,1.086,1.564,1.086
2021-01-02 14:20:00+00:00,1302,57.0,47.0,1.556,1.018,1.556,1.018
2021-01-02 14:30:00+00:00,1302,57.0,46.4,1.562,1.168,1.562,1.168
2021-01-02 14:40:00+00:00,1302,57.2,46.6,1.492,1.278,1.492,1.278
2021-01-02 14:50:00+00:00,1302,55.8,47.0,1.682,1.134,1.682,1.134
2021-01-02 15:00:00+00:00,1302,56.0,47.0,1.708,1.054,1.708,1.054
2021-01-02 15:10:00+00:00,1302,56.0,47.0,1.598,1.092,1.598,1.092
2021-01-02 15:20:00+00:00,1302,56.2,47.0,1.848,1.292,1.848,1.292
2021-01-02 15:30:00+00:00,1302,56.2,47.0,1.726,1.022,1.726,1.022
2021-01-02 15:40:00+00:00,1302,56.0,47.0,1.348,1.206,1.348,1.206
2021-01-02 15:50:00+00:00,1302,55.6,47.2,1.352,0.962,1.352,0.962
2021-01-02 16:00:00+00:00,1302,55.4,47.4,1.418,1.476,1.418,1.476
2021-01-02 16:10:00+00:00,1302,55.0,48.0,2.6,2.068,2.6,2.068
2021-01-02 16:20:00+00:00,1302,55.2,48.0,2.552,1.854,2.552,1.854
2021-01-02 16:30:00+00:00,1302,56.0,48.0,2.32,1.886,2.32,1.886
2021-01-02 16:40:00+00:00,1302,56.0,48.0,2.336,1.7,2.336,1.7
2021-01-02 16:50:00+00:00,1302,56.2,47.6,2.978,2.734,2.978,2.734
2021-01-02 17:00:00+00:00,1302,56.0,47.8,2.606,2.458,2.606,2.458
2021-01-02 17:10:00+00:00,1302,56.4,47.4,2.198,1.814,2.198,1.814
2021-01-02 17:20:00+00:00,1302,56.4,47.8,2.19,1.664,2.19,1.664
2021-01-02 17:30:00+00:00,1302,55.4,48.0,2.146,1.446,2.146,1.446
2021-01-02 17:40:00+00:00,1302,54.8,48.0,2.064,1.386,2.064,1.386
2021-01-02 17:50:00+00:00,1302,53.8,49.0,2.092,1.45,2.092,1.45
2021-01-02 18:00:00+00:00,1302,52.8,49.6,1.876,1.548,1.876,1.548
2021-01-02 18:10:00+00:00,1302,52.0,49.8,2.104,1.608,2.104,1.608
2021-01-02 18:20:00+00:00,1302,51.2,50.0,2.092,1.548,2.092,1.548
2021-01-02 18:30:00+00:00,1302,51.0,51.0,1.716,1.396,1.716,1.396
2021-01-02 18:40:00+00:00,1302,50.4,50.8,1.812,1.39,1.812,1.39
2021-01-02 18:50:00+00:00,1302,50.0,51.0,1.432,1.276,1.432,1.276
2021-01-02 19:00:00+00:00,1302,49.2,52.0,1.47,1.202,1.47,1.202
2021-01-02 19:10:00+00:00,1302,49.0,51.8,1.384,1.026,1.384,1.026
2021-01-02 19:20:00+00:00,1302,48.8,51.2,1.312,1.132,1.312,1.132
2021-01-02 19:30:00+00:00,1302,48.6,52.0,1.264,0.868,1.264,0.868
2021-01-02 19:40:00+00:00,1302,48.0,51.6,1.096,1.014,1.096,1.014
2021-01-02 19:50:00+00:00,1302,48.4,51.6,0.926,0.706,0.926,0.706
2021-01-02 20:00:00+00:00,1302,49.0,51.0,0.924,0.608,0.924,0.608
2021-01-02 20:10:00+00:00,1302,48.8,51.4,0.95,0.592,0.95,0.592
2021-01-02 20:20:00+00:00,1302,48.6,51.8,0.482,0.198,0.482,0.198
2021-01-02 20:30:00+00:00,1302,48.0,52.0,0.342,0.12,0.342,0.12
2021-01-02 20:40:00+00:00,1302,47.8,52.2,0.202,0.104,0.202,0.104
2021-01-02 20:50:00+00:00,1302,48.0,52.0,0.288,0.092,0.288,0.092
2021-01-02 21:00:00+00:00,1302,48.4,51.8,0.206,0.042,0.206,0.042
2021-01-02 21:10:00+00:00,1302,48.6,51.6,0.168,0.084,0.168,0.084
2021-01-02 21:20:00+00:00,1302,48.6,52.0,0.042,0.062,0.042,0.062
2021-01-02 21:30:00+00:00,1302,48.0,52.4,0.384,0.194,0.384,0.194
2021-01-02 21:40:00+00:00,1302,48.0,52.2,0.07,0.058,0.07,0.058
2021-01-02 21:50:00+00:00,1302,48.0,52.4,0.166,0.058,0.166,0.058
2021-01-02 22:00:00+00:00,1302,48.2,52.2,0.238,0.184,0.238,0.184
2021-01-02 22:10:00+00:00,1302,48.2,51.6,0.312,0.192,0.312,0.192
2021-01-02 22:20:00+00:00,1302,48.8,51.0,0.024,0.034,0.024,0.034
2021-01-02 22:30:00+00:00,1302,49.6,51.0,0.0,0.0,0.0,0.0
2021-01-02 22:40:00+00:00,1302,50.0,51.0,0.0,0.0,0.0,0.0
2021-01-02 22:50:00+00:00,1302,50.8,50.2,0.0,0.0,0.0,0.0
2021-01-02 23:00:00+00:00,1302,52.0,50.0,0.0,0.0,0.0,0.0
2021-01-02 23:10:00+00:00,1302,52.0,50.0,0.0,0.0,0.0,0.0
2021-01-02 23:20:00+00:00,1302,52.8,50.0,0.0,0.0,0.0,0.0
2021-01-02 23:30:00+00:00,1302,53.2,49.8,0.0,0.0,0.0,0.0
2021-01-02 23:40:00+00:00,1302,53.6,50.0,0.036,0.0,0.036,0.0
2021-01-02 23:50:00+00:00,1302,53.8,50.0,0.0,0.0,0.0,0.0
2021-01-03 00:00:00+00:00,1302,53.6,50.2,0.0,0.0,0.0,0.0
2021-01-03 00:10:00+00:00,1302,52.8,50.2,0.0,0.0,0.0,0.0
2021-01-03 00:20:00+00:00,1302,53.0,50.4,0.0,0.0,0.0,0.0
2021-01-03 00:30:00+00:00,1302,53.0,50.8,0.0,0.0,0.0,0.0
2021-01-03 00:40:00+00:00,1302,53.4,50.2,0.048,0.0,0.048,0.0
2021-01-03 00:50:00+00:00,1302,53.8,50.0,0.036,0.0,0.036,0.0
2021-01-03 01:00:00+00:00,1302,53.6,50.4,0.0,0.028,0.0,0.028
2021-01-03 01:10:00+00:00,1302,53.6,50.2,0.0,0.0,0.0,0.0
2021-01-03 01:20:00+00:00,1302,53.4,50.2,0.0,0.0,0.0,0.0
2021-01-03 01:30:00+00:00,1302,53.0,50.6,0.0,0.0,0.0,0.0
2021-01-03 01:40:00+00:00,1302,53.0,50.8,0.0,0.0,0.0,0.0
2021-01-03 01:50:00+00:00,1302,53.8,50.2,0.0,0.0,0.0,0.0
2021-01-03 02:00:00+00:00,1302,53.8,50.6,0.0,0.0,0.0,0.0
2021-01-03 02:10:00+00:00,1302,53.2,51.0,0.0,0.0,0.0,0.0
2021-01-03 02:20:00+00:00,1302,54.0,50.4,0.0,0.0,0.0,0.0
2021-01-03 02:30:00+00:00,1302,53.8,50.8,0.0,0.0,0.0,0.0
2021-01-03 02:40:00+00:00,1302,53.6,51.0,0.0,0.0,0.0,0.0
2021-01-03 02:50:00+00:00,1302,54.0,50.8,0.0,0.0,0.0,0.0
2021-01-03 03:00:00+00:00,1302,54.0,50.6,0.0,0.0,0.0,0.0
2021-01-03 03:10:00+00:00,1302,54.0,50.4,0.0,0.0,0.0,0.0
2021-01-03 03:20:00+00:00,1302,53.8,51.0,0.0,0.0,0.0,0.0
2021-01-03 03:30:00+00:00,1302,53.4,50.8,0.0,0.0,0.0,0.0
2021-01-03 03:40:00+00:00,1302,53.4,50.8,0.0,0.0,0.0,0.0
2021-01-03 03:50:00+00:00,1302,53.4,50.8,0.0,0.0,0.0,0.0
2021-01-03 04:00:00+00:00,1302,53.6,51.0,0.0,0.0,0.0,0.0
2021-01-03 04:10:00+00:00,1302,53.8,51.0,0.0,0.016,0.0,0.016
2021-01-03 04:20:00+00:00,1302,54.0,50.6,0.0,0.0,0.0,0.0
2021-01-03 04:30:00+00:00,1302,54.0,50.8,0.0,0.008,0.0,0.008
2021-01-03 04:40:00+00:00,1302,55.0,50.6,0.0,0.05,0.0,0.05
2021-01-03 04:50:00+00:00,1302,55.2,50.4,0.0,0.0,0.0,0.0
2021-01-03 05:00:00+00:00,1302,55.6,50.2,0.0,0.0,0.0,0.0
2021-01-03 05:10:00+00:00,1302,55.4,50.6,0.0,0.0,0.0,0.0
2021-01-03 05:20:00+00:00,1302,55.6,50.4,0.0,0.0,0.0,0.0
2021-01-03 05:30:00+00:00,1302,56.2,50.6,0.0,0.0,0.0,0.0
2021-01-03 05:40:00+00:00,1302,56.8,50.0,0.0,0.0,0.0,0.0
2021-01-03 05:50:00+00:00,1302,57.2,50.0,0.0,0.04,0.0,0.04
2021-01-03 06:00:00+00:00,1302,57.0,50.0,0.0,0.0,0.0,0.0
2021-01-03 06:10:00+00:00,1302,56.8,50.2,0.052,0.0,0.052,0.0
2021-01-03 06:20:00+00:00,1302,57.2,50.0,0.0,0.0,0.0,0.0
2021-01-03 06:30:00+00:00,1302,59.4,49.4,0.0,0.0,0.0,0.0
2021-01-03 06:40:00+00:00,1302,60.8,49.6,0.0,0.0,0.0,0.0
2021-01-03 06:50:00+00:00,1302,60.6,50.0,0.024,0.0,0.024,0.0
2021-01-03 07:00:00+00:00,1302,60.6,50.0,0.0,0.0,0.0,0.0
2021-01-03 07:10:00+00:00,1302,59.6,50.6,0.0,0.0,0.0,0.0
2021-01-03 07:20:00+00:00,1302,58.8,50.8,0.046,0.0,0.046,0.0
2021-01-03 07:30:00+00:00,1302,58.2,50.8,0.0,0.0,0.0,0.0
2021-01-03 07:40:00+00:00,1302,59.2,49.8,0.0,0.01,0.0,0.01
2021-01-03 07:50:00+00:00,1302,58.6,50.6,0.0,0.0,0.0,0.0
2021-01-03 08:00:00+00:00,1302,58.2,50.8,0.046,0.0,0.046,0.0
2021-01-03 08:10:00+00:00,1302,58.8,50.0,0.014,0.0,0.014,0.0
2021-01-03 08:20:00+00:00,1302,59.0,50.0,0.028,0.0,0.028,0.0
2021-01-03 08:30:00+00:00,1302,58.6,50.0,0.05,0.0,0.05,0.0
2021-01-03 08:40:00+00:00,1302,58.8,50.0,0.668,0.236,0.668,0.236
2021-01-03 08:50:00+00:00,1302,59.0,49.2,0.506,0.412,0.506,0.412
2021-01-03 09:00:00+00:00,1302,59.8,48.2,0.676,0.464,0.676,0.464
2021-01-03 09:10:00+00:00,1302,60.8,47.6,0.458,0.264,0.458,0.264
2021-01-03 09:20:00+00:00,1302,62.0,47.2,0.294,0.046,0.294,0.046
2021-01-03 09:30:00+00:00,1302,60.6,48.0,0.088,0.12,0.088,0.12
2021-01-03 09:40:00+00:00,1302,59.6,48.0,0.052,0.04,0.052,0.04
2021-01-03 09:50:00+00:00,1302,55.4,48.2,0.0,0.0,0.0,0.0
2021-01-03 10:00:00+00:00,1302,51.6,48.8,0.0,0.0,0.0,0.0
2021-01-03 10:10:00+00:00,1302,49.6,49.0,0.0,0.0,0.0,0.0
2021-01-03 10:20:00+00:00,1302,47.4,49.0,0.0,0.0,0.0,0.0
2021-01-03 10:30:00+00:00,1302,46.8,50.0,0.0,0.0,0.0,0.0
2021-01-03 10:40:00+00:00,1302,45.4,50.0,0.0,0.0,0.0,0.0
2021-01-03 10:50:00+00:00,1302,44.4,50.0,0.0,0.0,0.0,0.0
2021-01-03 11:00:00+00:00,1302,45.0,50.0,0.0,0.0,0.0,0.0
2021-01-03 11:10:00+00:00,1302,45.6,49.8,0.0,0.0,0.0,0.0
2021-01-03 11:20:00+00:00,1302,45.6,49.8,0.0,0.0,0.0,0.0
2021-01-03 11:30:00+00:00,1302,46.2,50.0,0.0,0.0,0.0,0.0
2021-01-03 11:40:00+00:00,1302,46.8,49.2,0.0,0.0,0.0,0.0
2021-01-03 11:50:00+00:00,1302,47.6,48.8,0.0,0.0,0.0,0.0
2021-01-03 12:00:00+00:00,1302,48.2,48.0,0.0,0.0,0.0,0.0
2021-01-03 12:10:00+00:00,1302,49.4,47.4,0.042,0.0,0.042,0.0
2021-01-03 12:20:00+00:00,1302,49.0,47.2,0.01,0.0,0.01,0.0
2021-01-03 12:30:00+00:00,1302,47.0,47.6,0.036,0.0,0.036,0.0
2021-01-03 12:40:00+00:00,1302,46.2,48.0,0.0,0.0,0.0,0.0
2021-01-03 12:50:00+00:00,1302,46.0,47.8,0.0,0.0,0.0,0.0
2021-01-03 13:00:00+00:00,1302,46.6,47.6,0.0,0.0,0.0,0.0
2021-01-03 13:10:00+00:00,1302,47.6,47.0,0.0,0.0,0.0,0.0
2021-01-03 13:20:00+00:00,1302,48.6,46.0,0.0,0.0,0.0,0.0
2021-01-03 13:30:00+00:00,1302,48.0,46.0,0.0,0.034,0.0,0.034
2021-01-03 13:40:00+00:00,1302,47.6,46.2,0.028,0.0,0.028,0.0
2021-01-03 13:50:00+00:00,1302,47.0,46.8,0.016,0.0,0.016,0.0
2021-01-03 14:00:00+00:00,1302,48.0,46.8,0.0,0.0,0.0,0.0
2021-01-03 14:10:00+00:00,1302,48.6,46.0,0.0,0.0,0.0,0.0
2021-01-03 14:20:00+00:00,1302,49.8,45.2,0.024,0.0,0.024,0.0
2021-01-03 14:30:00+00:00,1302,50.8,45.0,0.0,0.0,0.0,0.0
2021-01-03 14:40:00+00:00,1302,50.6,44.6,0.0,0.0,0.0,0.0
2021-01-03 14:50:00+00:00,1302,51.0,44.6,0.584,0.352,0.584,0.352
2021-01-03 15:00:00+00:00,1302,51.8,44.0,0.0,0.02,0.0,0.02
2021-01-03 15:10:00+00:00,1302,52.0,44.0,0.044,0.0,0.044,0.0
2021-01-03 15:20:00+00:00,1302,51.8,44.0,0.034,0.0,0.034,0.0
2021-01-03 15:30:00+00:00,1302,49.4,44.6,0.02,0.0,0.02,0.0
2021-01-03 15:40:00+00:00,1302,49.2,45.0,0.084,0.0,0.084,0.0
2021-01-03 15:50:00+00:00,1302,47.8,45.4,0.0,0.0,0.0,0.0
2021-01-03 16:00:00+00:00,1302,46.6,46.0,0.186,0.0,0.186,0.0
2021-01-03 16:10:00+00:00,1302,45.2,46.6,0.044,0.006,0.044,0.006
2021-01-03 16:20:00+00:00,1302,43.6,47.6,0.06,0.028,0.06,0.028
2021-01-03 16:30:00+00:00,1302,42.2,48.6,0.04,0.072,0.04,0.072
2021-01-03 16:40:00+00:00,1302,41.0,49.4,0.068,0.088,0.068,0.088
2021-01-03 16:50:00+00:00,1302,40.6,50.6,0.016,0.0,0.016,0.0
2021-01-03 17:00:00+00:00,1302,40.4,51.2,0.52,0.226,0.52,0.226
2021-01-03 17:10:00+00:00,1302,41.0,51.6,0.578,0.18,0.578,0.18
2021-01-03 17:20:00+00:00,1302,40.4,51.0,0.652,0.17,0.652,0.17
2021-01-03 17:30:00+00:00,1302,41.2,51.4,0.404,0.202,0.404,0.202
2021-01-03 17:40:00+00:00,1302,39.4,53.4,0.23,0.084,0.23,0.084
2021-01-03 17:50:00+00:00,1302,38.0,54.0,0.244,0.036,0.244,0.036
2021-01-03 18:00:00+00:00,1302,38.4,54.0,0.266,0.074,0.266,0.074
2021-01-03 18:10:00+00:00,1302,39.0,53.2,1.366,0.99,1.366,0.99
2021-01-03 18:20:00+00:00,1302,39.6,52.2,2.43,1.834,2.43,1.834
2021-01-03 18:30:00+00:00,1302,40.2,52.0,2.094,1.682,2.094,1.682
2021-01-03 18:40:00+00:00,1302,40.6,51.8,2.198,1.692,2.198,1.692
2021-01-03 18:50:00+00:00,1302,41.4,51.8,1.978,1.39,1.978,1.39
2021-01-03 19:00:00+00:00,1302,42.4,51.0,2.87,2.26,2.87,2.26
2021-01-03 19:10:00+00:00,1302,43.0,51.0,1.594,1.162,1.594,1.162
2021-01-03 19:20:00+00:00,1302,43.0,51.4,1.322,1.116,1.322,1.116
2021-01-03 19:30:00+00:00,1302,43.0,51.2,3.866,3.478,3.866,3.478
2021-01-03 19:40:00+00:00,1302,42.0,52.0,4.206,4.2,4.206,4.2
2021-01-03 19:50:00+00:00,1302,40.2,52.0,2.17,1.594,2.17,1.594
2021-01-03 20:00:00+00:00,1302,39.4,53.2,2.208,1.708,2.208,1.708
2021-01-03 20:10:00+00:00,1302,36.8,54.6,1.658,1.294,1.658,1.294
2021-01-03 20:20:00+00:00,1302,35.8,56.2,2.162,1.584,2.162,1.584
2021-01-03 20:30:00+00:00,1302,32.0,59.0,1.004,0.686,1.004,0.686
2021-01-03 20:40:00+00:00,1302,30.0,58.8,0.154,0.038,0.154,0.038
2021-01-03 20:50:00+00:00,1302,31.0,57.2,0.094,0.01,0.094,0.01
2021-01-03 21:00:00+00:00,1302,31.8,56.0,0.128,0.024,0.128,0.024
2021-01-03 21:10:00+00:00,1302,32.4,55.6,0.258,0.19,0.258,0.19
2021-01-03 21:20:00+00:00,1302,33.0,55.2,0.14,0.036,0.14,0.036
2021-01-03 21:30:00+00:00,1302,34.2,55.0,0.444,0.372,0.444,0.372
2021-01-03 21:40:00+00:00,1302,36.0,54.8,1.092,0.604,1.092,0.604
2021-01-03 21:50:00+00:00,1302,37.2,54.0,2.988,2.046,2.988,2.046
2021-01-03 22:00:00+00:00,1302,38.6,53.8,2.306,1.8,2.306,1.8
2021-01-03 22:10:00+00:00,1302,39.0,54.0,1.75,1.062,1.75,1.062
2021-01-03 22:20:00+00:00,1302,40.0,54.0,1.254,1.37,1.254,1.37
2021-01-03 22:30:00+00:00,1302,40.4,54.0,1.208,1.184,1.208,1.184
2021-01-03 22:40:00+00:00,1302,41.2,53.8,1.414,1.268,1.414,1.268
2021-01-03 22:50:00+00:00,1302,42.4,53.0,1.642,1.104,1.642,1.104
2021-01-03 23:00:00+00:00,1302,43.6,53.0,1.046,0.888,1.046,0.888
2021-01-03 23:10:00+00:00,1302,44.0,52.2,1.61,1.36,1.61,1.36
2021-01-03 23:20:00+00:00,1302,44.6,52.0,1.578,1.29,1.578,1.29
2021-01-03 23:30:00+00:00,1302,45.8,50.8,1.082,0.754,1.082,0.754
2021-01-03 23:40:00+00:00,1302,47.0,49.4,0.182,0.144,0.182,0.144
2021-01-03 23:50:00+00:00,1302,48.0,48.8,0.36,0.212,0.36,0.212
2021-01-04 00:00:00+00:00,1302,49.0,47.8,0.494,0.37,0.494,0.37
2021-01-04 00:10:00+00:00,1302,50.0,46.4,0.348,0.312,0.348,0.312
2021-01-04 00:20:00+00:00,1302,51.0,46.0,0.26,0.158,0.26,0.158
2021-01-04 00:30:00+00:00,1302,50.8,45.4,0.106,0.18,0.106,0.18
2021-01-04 00:40:00+00:00,1302,51.8,45.0,0.34,0.086,0.34,0.086
2021-01-04 00:50:00+00:00,1302,52.2,45.0,0.548,0.468,0.548,0.468
2021-01-04 01:00:00+00:00,1302,52.2,45.2,4.856,4.062,4.856,4.062
2021-01-04 01:10:00+00:00,1302,52.2,45.0,4.096,3.672,4.096,3.672
2021-01-04 01:20:00+00:00,1302,52.0,45.0,1.034,0.766,1.034,0.766
2021-01-04 01:30:00+00:00,1302,52.0,45.0,1.332,0.984,1.332,0.984
2021-01-04 01:40:00+00:00,1302,51.0,46.0,1.41,0.998,1.41,0.998
2021-01-04 01:50:00+00:00,1302,50.0,46.2,2.682,2.254,2.682,2.254
2021-01-04 02:00:00+00:00,1302,50.0,46.0,2.668,2.526,2.668,2.526
2021-01-04 02:10:00+00:00,1302,50.4,45.6,3.29,2.982,3.29,2.982
2021-01-04 02:20:00+00:00,1302,51.4,45.2,2.812,2.828,2.812,2.828
2021-01-04 02:30:00+00:00,1302,52.6,44.0,4.136,3.676,4.136,3.676
2021-01-04 02:40:00+00:00,1302,53.6,43.6,3.146,2.56,3.146,2.56
2021-01-04 02:50:00+00:00,1302,53.8,43.8,1.6,0.838,1.6,0.838
2021-01-04 03:00:00+00:00,1302,54.2,43.4,1.806,1.24,1.806,1.24
2021-01-04 03:10:00+00:00,1302,54.8,43.0,1.768,1.438,1.768,1.438
2021-01-04 03:20:00+00:00,1302,55.4,43.0,2.958,2.426,2.958,2.426
2021-01-04 03:30:00+00:00,1302,55.6,43.4,2.396,2.012,2.396,2.012
2021-01-04 03:40:00+00:00,1302,55.0,44.0,3.738,3.54,3.738,3.54
2021-01-04 03:50:00+00:00,1302,54.8,44.2,3.444,2.894,3.444,2.894
2021-01-04 04:00:00+00:00,1302,54.2,45.0,3.166,3.294,3.166,3.294
2021-01-04 04:10:00+00:00,1302,54.0,45.0,2.722,2.524,2.722,2.524
2021-01-04 04:20:00+00:00,1302,54.6,44.4,2.472,2.414,2.472,2.414
2021-01-04 04:30:00+00:00,1302,54.8,44.4,2.238,1.61,2.238,1.61
2021-01-04 04:40:00+00:00,1302,52.6,46.0,3.826,3.778,3.826,3.778
2021-01-04 04:50:00+00:00,1302,52.0,46.0,11.13,10.4,11.13,10.4
2021-01-04 05:00:00+00:00,1302,52.0,46.0,10.588,10.182,10.588,10.182
2021-01-04 05:10:00+00:00,1302,51.2,46.6,4.142,4.162,4.142,4.162
2021-01-04 05:20:00+00:00,1302,50.0,47.0,5.936,6.154,5.936,6.154
2021-01-04 05:30:00+00:00,1302,50.0,47.0,4.556,4.882,4.556,4.882
2021-01-04 05:40:00+00:00,1302,50.4,47.0,3.052,2.88,3.052,2.88
2021-01-04 05:50:00+00:00,1302,50.0,47.8,1.268,1.254,1.268,1.254
2021-01-04 06:00:00+00:00,1302,49.0,48.0,2.358,1.748,2.358,1.748
2021-01-04 06:10:00+00:00,1302,49.0,48.0,1.304,0.928,1.304,0.928
2021-01-04 06:20:00+00:00,1302,49.0,47.8,1.79,1.574,1.79,1.574
2021-01-04 06:30:00+00:00,1302,50.0,47.2,9.48,9.196,9.48,9.196
2021-01-04 06:40:00+00:00,1302,50.0,47.0,9.432,9.388,9.432,9.388
2021-01-04 06:50:00+00:00,1302,50.0,47.0,7.89,8.202,7.89,8.202
2021-01-04 07:00:00+00:00,1302,51.0,46.2,7.97,7.832,7.97,7.832
2021-01-04 07:10:00+00:00,1302,52.0,46.0,6.238,5.716,6.238,5.716
2021-01-04 07:20:00+00:00,1302,51.4,46.6,2.072,1.876,2.072,1.876
2021-01-04 07:30:00+00:00,1302,51.0,47.0,3.978,3.782,3.978,3.782
2021-01-04 07:40:00+00:00,1302,51.0,46.0,3.028,2.776,3.028,2.776
2021-01-04 07:50:00+00:00,1302,51.4,46.0,2.91,2.236,2.91,2.236
2021-01-04 08:00:00+00:00,1302,52.2,45.6,2.574,2.324,2.574,2.324
2021-01-04 08:10:00+00:00,1302,53.0,45.0,2.786,2.31,2.786,2.31
2021-01-04 08:20:00+00:00,1302,53.6,44.2,3.096,3.512,3.096,3.512
2021-01-04 08:30:00+00:00,1302,55.0,43.8,2.51,2.184,2.51,2.184
2021-01-04 08:40:00+00:00,1302,55.0,44.0,1.77,1.314,1.77,1.314
2021-01-04 08:50:00+00:00,1302,55.0,44.0,1.716,1.154,1.716,1.154
2021-01-04 09:00:00+00:00,1302,55.0,44.2,1.142,0.964,1.142,0.964
2021-01-04 09:10:00+00:00,1302,55.0,44.2,0.984,0.814,0.984,0.814
2021-01-04 09:20:00+00:00,1302,55.4,43.4,0.832,0.516,0.832,0.516
2021-01-04 09:30:00+00:00,1302,56.2,44.0,3.258,2.972,3.258,2.972
2021-01-04 09:40:00+00:00,1302,55.6,44.2,2.938,2.154,2.938,2.154
2021-01-04 09:50:00+00:00,1302,55.2,44.6,3.306,2.328,3.306,2.328
2021-01-04 10:00:00+00:00,1302,55.4,44.4,2.242,1.594,2.242,1.594
2021-01-04 10:10:00+00:00,1302,55.6,44.6,1.368,0.918,1.368,0.918
2021-01-04 10:20:00+00:00,1302,55.4,44.4,0.978,0.62,0.978,0.62
2021-01-04 10:30:00+00:00,1302,55.2,45.0,1.968,1.238,1.968,1.238
2021-01-04 10:40:00+00:00,1302,55.2,44.6,3.03,2.682,3.03,2.682
2021-01-04 10:50:00+00:00,1302,55.2,45.0,2.598,2.256,2.598,2.256
2021-01-04 11:00:00+00:00,1302,55.0,44.8,2.338,2.278,2.338,2.278
2021-01-04 11:10:00+00:00,1302,56.2,44.0,1.348,0.706,1.348,0.706
2021-01-04 11:20:00+00:00,1302,55.0,45.0,1.138,0.93,1.138,0.93
2021-01-04 11:30:00+00:00,1302,55.0,44.8,1.292,0.904,1.292,0.904
2021-01-04 11:40:00+00:00,1302,54.6,45.6,1.222,0.868,1.222,0.868
2021-01-04 11:50:00+00:00,1302,54.0,46.0,1.142,0.89,1.142,0.89
2021-01-04 12:00:00+00:00,1302,54.0,46.0,1.14,0.842,1.14,0.842
2021-01-04 12:10:00+00:00,1302,54.8,45.4,1.284,0.994,1.284,0.994
2021-01-04 12:20:00+00:00,1302,55.0,45.0,1.224,0.89,1.224,0.89
2021-01-04 12:30:00+00:00,1302,56.6,44.6,0.978,0.986,0.978,0.986
2021-01-04 12:40:00+00:00,1302,55.8,45.6,2.34,1.914,2.34,1.914
2021-01-04 12:50:00+00:00,1302,55.0,45.8,2.08,1.558,2.08,1.558
2021-01-04 13:00:00+00:00,1302,55.0,46.0,2.274,1.956,2.274,1.956
2021-01-04 13:10:00+00:00,1302,55.0,46.0,2.476,2.044,2.476,2.044
2021-01-04 13:20:00+00:00,1302,56.0,46.0,2.468,2.01,2.468,2.01
2021-01-04 13:30:00+00:00,1302,56.4,45.8,1.576,1.47,1.576,1.47
2021-01-04 13:40:00+00:00,1302,57.0,45.8,0.992,0.522,0.992,0.522
2021-01-04 13:50:00+00:00,1302,58.2,45.0,1.004,0.85,1.004,0.85
2021-01-04 14:00:00+00:00,1302,59.2,44.6,1.218,1.1,1.218,1.1
2021-01-04 14:10:00+00:00,1302,60.0,44.8,1.528,1.098,1.528,1.098
2021-01-04 14:20:00+00:00,1302,60.0,45.0,1.44,1.324,1.44,1.324
2021-01-04 14:30:00+00:00,1302,59.8,45.0,1.292,0.886,1.292,0.886
2021-01-04 14:40:00+00:00,1302,60.0,45.0,1.898,1.61,1.898,1.61
2021-01-04 14:50:00+00:00,1302,60.0,45.0,1.33,1.112,1.33,1.112
2021-01-04 15:00:00+00:00,1302,60.6,45.0,1.414,1.0,1.414,1.0
2021-01-04 15:10:00+00:00,1302,60.2,45.0,2.008,1.724,2.008,1.724
2021-01-04 15:20:00+00:00,1302,60.0,45.0,2.464,2.274,2.464,2.274
2021-01-04 15:30:00+00:00,1302,60.0,45.0,3.072,2.75,3.072,2.75
2021-01-04 15:40:00+00:00,1302,60.0,45.0,3.904,3.558,3.904,3.558
2021-01-04 15:50:00+00:00,1302,60.0,45.0,4.654,4.852,4.654,4.852
2021-01-04 16:00:00+00:00,1302,60.0,45.0,5.632,4.918,5.632,4.918
2021-01-04 16:10:00+00:00,1302,60.0,45.0,5.532,4.892,5.532,4.892
2021-01-04 16:20:00+00:00,1302,60.0,45.0,5.83,5.672,5.83,5.672
2021-01-04 16:30:00+00:00,1302,60.0,45.0,6.7,6.298,6.7,6.298
2021-01-04 16:40:00+00:00,1302,60.6,45.0,6.804,6.57,6.804,6.57
2021-01-04 16:50:00+00:00,1302,60.0,45.0,6.57,6.342,6.57,6.342
2021-01-04 17:00:00+00:00,1302,60.0,45.0,6.45,6.136,6.45,6.136
2021-01-04 17:10:00+00:00,1302,60.2,45.0,6.8,6.4,6.8,6.4
2021-01-04 17:20:00+00:00,1302,60.0,45.0,6.796,5.884,6.796,5.884
2021-01-04 17:30:00+00:00,1302,60.2,45.2,6.796,6.468,6.796,6.468
2021-01-04 17:40:00+00:00,1302,60.0,46.0,6.474,6.216,6.474,6.216
2021-01-04 17:50:00+00:00,1302,60.0,45.6,7.106,6.26,7.106,6.26
2021-01-04 18:00:00+00:00,1302,60.0,45.0,8.25,7.64,8.25,7.64
2021-01-04 18:10:00+00:00,1302,60.0,45.8,8.468,8.304,8.468,8.304
2021-01-04 18:20:00+00:00,1302,60.0,45.0,10.64,11.022,10.64,11.022
2021-01-04 18:30:00+00:00,1302,60.2,45.0,16.854,15.148,16.854,15.148
2021-01-04 18:40:00+00:00,1302,60.4,45.0,19.08,17.074,19.08,17.074
2021-01-04 18:50:00+00:00,1302,60.8,45.0,19.498,17.524,19.498,17.524
2021-01-04 19:00:00+00:00,1302,61.0,45.0,18.31,16.996,18.31,16.996
2021-01-04 19:10:00+00:00,1302,61.0,45.0,17.42,15.6,17.42,15.6
2021-01-04 19:20:00+00:00,1302,61.0,44.8,16.518,14.518,16.518,14.518
2021-01-04 19:30:00+00:00,1302,61.0,45.0,18.244,15.372,18.244,15.372
2021-01-04 19:40:00+00:00,1302,61.0,45.0,16.378,14.848,16.378,14.848
2021-01-04 19:50:00+00:00,1302,61.8,44.8,17.702,16.0,17.702,16.0
2021-01-04 20:00:00+00:00,1302,62.0,44.8,18.844,17.118,18.844,17.118
2021-01-04 20:10:00+00:00,1302,62.4,44.8,20.332,17.646,20.332,17.646
2021-01-04 20:20:00+00:00,1302,61.8,45.0,19.044,16.324,19.044,16.324
2021-01-04 20:30:00+00:00,1302,61.0,45.4,19.472,17.612,19.472,17.612
2021-01-04 20:40:00+00:00,1302,61.0,45.8,20.966,19.496,20.966,19.496
2021-01-04 20:50:00+00:00,1302,60.4,45.8,26.174,23.714,26.174,23.714
2021-01-04 21:00:00+00:00,1302,60.0,46.0,23.92,21.442,23.92,21.442
2021-01-04 21:10:00+00:00,1302,60.0,46.0,24.322,22.232,24.322,22.232
2021-01-04 21:20:00+00:00,1302,60.0,45.4,24.56,22.32,24.56,22.32
2021-01-04 21:30:00+00:00,1302,59.6,45.0,24.744,21.88,24.744,21.88
2021-01-04 21:40:00+00:00,1302,59.4,45.0,28.87,26.788,28.932,26.788
2021-01-04 21:50:00+00:00,1302,59.6,45.0,33.414,31.11,33.48,31.11
2021-01-04 22:00:00+00:00,1302,59.4,45.0,41.256,41.182,46.842,43.586
2021-01-04 22:10:00+00:00,1302,59.4,45.0,26.198,23.956,26.352,23.956
2021-01-04 22:20:00+00:00,1302,59.6,45.0,28.746,24.914,28.804,24.914
2021-01-04 22:30:00+00:00,1302,59.8,45.0,29.892,26.652,30.27,26.652
2021-01-04 22:40:00+00:00,1302,60.0,45.0,24.872,22.016,24.872,22.016
2021-01-04 22:50:00+00:00,1302,60.0,45.0,28.748,26.884,28.818,26.884
2021-01-04 23:00:00+00:00,1302,60.0,45.0,20.786,19.512,20.786,19.512
2021-01-04 23:10:00+00:00,1302,60.0,45.0,17.722,15.908,17.722,15.908
2021-01-04 23:20:00+00:00,1302,60.0,45.2,17.17,15.168,17.17,15.168
2021-01-04 23:30:00+00:00,1302,60.4,45.2,16.792,15.668,16.792,15.668
2021-01-04 23:40:00+00:00,1302,60.2,45.4,17.718,15.756,17.718,15.756
2021-01-04 23:50:00+00:00,1302,60.2,45.4,22.806,20.09,22.806,20.09
2021-01-05 00:00:00+00:00,1302,60.0,45.4,23.104,21.454,23.104,21.454
2021-01-05 00:10:00+00:00,1302,60.0,45.4,22.208,19.992,22.208,19.992
2021-01-05 00:20:00+00:00,1302,60.0,45.8,19.264,18.604,19.264,18.604
2021-01-05 00:30:00+00:00,1302,61.8,44.0,16.198,14.434,16.198,14.434
2021-01-05 00:40:00+00:00,1302,62.4,44.8,14.696,13.672,14.696,13.672
2021-01-05 00:50:00+00:00,1302,62.4,44.4,18.954,17.716,18.954,17.716
2021-01-05 01:00:00+00:00,1302,62.4,44.8,22.458,20.844,22.458,20.844
2021-01-05 01:10:00+00:00,1302,61.8,45.0,22.402,20.886,22.402,20.886
2021-01-05 01:20:00+00:00,1302,62.0,45.0,18.208,16.7,18.208,16.7
2021-01-05 01:30:00+00:00,1302,62.2,44.8,12.786,12.034,12.786,12.034
2021-01-05 01:40:00+00:00,1302,62.2,45.0,17.252,16.388,17.252,16.388
2021-01-05 01:50:00+00:00,1302,62.8,44.0,23.122,21.676,23.184,21.676
2021-01-05 02:00:00+00:00,1302,62.4,44.8,25.152,23.83,25.454,23.836
2021-01-05 02:10:00+00:00,1302,62.0,44.8,18.756,17.274,18.756,17.274
2021-01-05 02:20:00+00:00,1302,63.0,44.0,15.828,14.346,15.828,14.346
2021-01-05 02:30:00+00:00,1302,63.2,44.0,15.208,14.78,15.208,14.78
2021-01-05 02:40:00+00:00,1302,64.6,43.8,15.042,13.294,15.042,13.294
2021-01-05 02:50:00+00:00,1302,64.0,44.0,24.662,21.736,24.662,21.736
2021-01-05 03:00:00+00:00,1302,63.0,44.2,23.404,21.186,23.404,21.186
2021-01-05 03:10:00+00:00,1302,63.6,44.0,20.8,19.528,20.8,19.528
2021-01-05 03:20:00+00:00,1302,63.0,44.2,18.168,16.574,18.168,16.574
2021-01-05 03:30:00+00:00,1302,63.2,44.0,16.124,15.242,16.124,15.242
2021-01-05 03:40:00+00:00,1302,63.0,44.0,14.052,12.338,14.052,12.338
2021-01-05 03:50:00+00:00,1302,63.2,44.0,13.354,12.186,13.354,12.186
2021-01-05 04:00:00+00:00,1302,63.4,44.0,12.518,11.88,12.518,11.88
2021-01-05 04:10:00+00:00,1302,63.0,44.0,12.016,11.234,12.016,11.234
2021-01-05 04:20:00+00:00,1302,63.2,44.0,12.69,11.682,12.69,11.682
2021-01-05 04:30:00+00:00,1302,64.2,43.4,13.038,11.996,13.038,11.996
2021-01-05 04:40:00+00:00,1302,65.2,42.8,10.3,9.488,10.3,9.488
2021-01-05 04:50:00+00:00,1302,65.4,43.2,8.486,8.122,8.486,8.122
2021-01-05 05:00:00+00:00,1302,65.4,43.4,9.138,9.254,9.138,9.254
2021-01-05 05:10:00+00:00,1302,64.8,43.8,8.966,8.308,8.966,8.308
2021-01-05 05:20:00+00:00,1302,65.8,43.6,5.384,4.84,5.384,4.84
2021-01-05 05:30:00+00:00,1302,66.0,43.6,6.098,5.646,6.098,5.646
2021-01-05 05:40:00+00:00,1302,64.8,44.0,11.418,11.806,11.418,11.806
2021-01-05 05:50:00+00:00,1302,64.2,44.2,14.314,14.656,14.322,14.656
2021-01-05 06:00:00+00:00,1302,64.0,44.6,6.15,5.512,6.15,5.512
2021-01-05 06:10:00+00:00,1302,63.6,43.8,6.224,5.196,6.224,5.196
2021-01-05 06:20:00+00:00,1302,64.4,44.0,5.478,4.826,5.478,4.826
2021-01-05 06:30:00+00:00,1302,64.6,44.0,6.234,5.964,6.234,5.964
2021-01-05 06:40:00+00:00,1302,64.0,44.0,6.524,5.56,6.524,5.56
2021-01-05 06:50:00+00:00,1302,63.0,44.0,7.132,6.16,7.132,6.16
2021-01-05 07:00:00+00:00,1302,63.4,43.6,6.862,5.898,6.862,5.898
2021-01-05 07:10:00+00:00,1302,64.6,43.8,5.242,4.568,5.242,4.568
2021-01-05 07:20:00+00:00,1302,65.0,44.4,2.948,2.088,2.948,2.088
2021-01-05 07:30:00+00:00,1302,64.0,44.4,2.946,2.706,2.946,2.706
2021-01-05 07:40:00+00:00,1302,63.8,44.0,2.288,2.162,2.288,2.162
2021-01-05 07:50:00+00:00,1302,64.2,44.4,1.638,1.238,1.638,1.238
2021-01-05 08:00:00+00:00,1302,65.0,45.0,1.296,1.026,1.296,1.026
2021-01-05 08:10:00+00:00,1302,64.8,45.0,1.058,0.682,1.058,0.682
2021-01-05 08:20:00+00:00,1302,64.0,45.0,0.956,0.502,0.956,0.502
2021-01-05 08:30:00+00:00,1302,62.4,44.6,1.168,1.056,1.168,1.056
2021-01-05 08:40:00+00:00,1302,63.0,43.8,1.516,1.118,1.516,1.118
2021-01-05 08:50:00+00:00,1302,63.0,42.6,1.436,1.026,1.436,1.026
2021-01-05 09:00:00+00:00,1302,64.2,41.8,1.296,0.876,1.296,0.876
2021-01-05 09:10:00+00:00,1302,64.2,41.8,1.268,1.078,1.268,1.078
2021-01-05 09:20:00+00:00,1302,64.6,41.0,1.266,0.876,1.266,0.876
2021-01-05 09:30:00+00:00,1302,64.8,41.6,0.966,0.952,0.966,0.952
2021-01-05 09:40:00+00:00,1302,64.2,41.6,1.198,0.704,1.198,0.704
2021-01-05 09:50:00+00:00,1302,65.0,40.2,0.994,2.392,0.994,2.392
2021-01-05 10:00:00+00:00,1302,65.0,40.6,1.018,0.702,1.018,0.702
2021-01-05 10:10:00+00:00,1302,65.4,40.6,1.1,0.696,1.1,0.696
2021-01-05 10:20:00+00:00,1302,65.2,40.6,1.004,0.642,1.004,0.642
2021-01-05 10:30:00+00:00,1302,65.8,40.4,0.88,0.756,0.88,0.756
2021-01-05 10:40:00+00:00,1302,65.6,39.8,0.956,0.518,0.956,0.518
2021-01-05 10:50:00+00:00,1302,66.4,39.4,0.772,0.718,0.772,0.718
2021-01-05 11:00:00+00:00,1302,66.2,39.8,1.08,0.822,1.08,0.822
2021-01-05 11:10:00+00:00,1302,66.6,39.6,1.06,0.714,1.06,0.714
2021-01-05 11:20:00+00:00,1302,66.4,40.0,1.054,0.75,1.054,0.75
2021-01-05 11:30:00+00:00,1302,67.0,40.4,0.96,0.624,0.96,0.624
2021-01-05 11:40:00+00:00,1302,66.6,41.4,0.846,0.562,0.846,0.562
2021-01-05 11:50:00+00:00,1302,66.4,42.0,0.762,0.594,0.762,0.594
2021-01-05 12:00:00+00:00,1302,65.4,42.2,0.766,0.518,0.766,0.518
2021-01-05 12:10:00+00:00,1302,64.8,42.4,0.398,0.4,0.398,0.4
2021-01-05 12:20:00+00:00,1302,64.0,43.0,0.462,0.38,0.462,0.38
2021-01-05 12:30:00+00:00,1302,64.0,43.0,0.356,0.264,0.356,0.264
2021-01-05 12:40:00+00:00,1302,64.4,43.0,0.474,0.254,0.474,0.254
2021-01-05 12:50:00+00:00,1302,64.2,43.0,0.57,0.38,0.57,0.38
2021-01-05 13:00:00+00:00,1302,63.4,42.8,0.736,0.506,0.736,0.506
2021-01-05 13:10:00+00:00,1302,62.4,42.8,1.36,0.884,1.36,0.884
2021-01-05 13:20:00+00:00,1302,62.8,41.2,1.532,0.994,1.532,0.994
2021-01-05 13:30:00+00:00,1302,63.6,40.8,1.37,1.312,1.37,1.312
2021-01-05 13:40:00+00:00,1302,63.6,40.2,1.02,0.942,1.02,0.942
2021-01-05 13:50:00+00:00,1302,64.6,39.8,1.032,0.62,1.032,0.62
2021-01-05 14:00:00+00:00,1302,64.4,40.4,0.918,0.692,0.918,0.692
2021-01-05 14:10:00+00:00,1302,64.8,40.8,0.808,0.796,0.808,0.796
2021-01-05 14:20:00+00:00,1302,64.4,41.0,1.186,1.134,1.186,1.134
2021-01-05 14:30:00+00:00,1302,63.0,41.0,1.5,1.744,1.5,1.744
2021-01-05 14:40:00+00:00,1302,63.0,40.8,1.276,1.914,1.276,1.914
2021-01-05 14:50:00+00:00,1302,63.0,41.0,1.594,2.732,1.594,2.732
2021-01-05 15:00:00+00:00,1302,62.6,40.6,1.902,2.032,1.902,2.032
2021-01-05 15:10:00+00:00,1302,63.4,40.2,2.154,2.506,2.154,2.506
2021-01-05 15:20:00+00:00,1302,64.0,39.8,2.234,2.132,2.234,2.132
2021-01-05 15:30:00+00:00,1302,64.2,39.4,2.016,2.294,2.016,2.294
2021-01-05 15:40:00+00:00,1302,64.0,39.4,2.962,3.622,2.962,3.622
2021-01-05 15:50:00+00:00,1302,64.0,39.0,3.084,3.214,3.084,3.214
2021-01-05 16:00:00+00:00,1302,65.0,38.2,2.414,2.636,2.414,2.636
2021-01-05 16:10:00+00:00,1302,65.0,39.0,2.668,2.894,2.668,2.894
2021-01-05 16:20:00+00:00,1302,65.0,39.8,2.694,2.746,2.694,2.746
2021-01-05 16:30:00+00:00,1302,64.2,40.0,3.314,3.34,3.314,3.34
2021-01-05 16:40:00+00:00,1302,63.8,40.8,2.9,3.28,2.9,3.28
2021-01-05 16:50:00+00:00,1302,63.0,41.0,3.558,4.86,3.558,4.86
2021-01-05 17:00:00+00:00,1302,63.2,41.8,3.71,4.018,3.71,4.018
2021-01-05 17:10:00+00:00,1302,62.6,42.0,4.404,4.462,4.404,4.462
2021-01-05 17:20:00+00:00,1302,62.0,42.2,4.664,4.522,4.664,4.522
2021-01-05 17:30:00+00:00,1302,62.0,42.6,4.468,4.95,4.468,4.95
2021-01-05 17:40:00+00:00,1302,62.0,43.0,4.49,4.464,4.49,4.464
2021-01-05 17:50:00+00:00,1302,61.8,43.8,5.122,4.694,5.122,4.694
2021-01-05 18:00:00+00:00,1302,61.6,44.0,5.614,5.408,5.614,5.408
2021-01-05 18:10:00+00:00,1302,61.4,43.6,1.84,1.718,1.84,1.718
2021-01-05 18:20:00+00:00,1302,61.6,43.8,1.02,0.722,1.02,0.722
2021-01-05 18:30:00+00:00,1302,61.0,44.0,0.732,0.51,0.732,0.51
2021-01-05 18:40:00+00:00,1302,60.8,44.6,1.316,1.192,1.316,1.192
2021-01-05 18:50:00+00:00,1302,60.2,45.0,0.95,0.812,0.95,0.812
2021-01-05 19:00:00+00:00,1302,59.8,45.0,1.216,0.808,1.216,0.808
2021-01-05 19:10:00+00:00,1302,60.0,45.0,1.546,1.172,1.546,1.172
2021-01-05 19:20:00+00:00,1302,59.8,45.0,1.978,1.776,1.978,1.776
2021-01-05 19:30:00+00:00,1302,60.0,45.4,2.452,1.74,2.452,1.74
2021-01-05 19:40:00+00:00,1302,59.6,45.4,2.426,1.914,2.426,1.914
2021-01-05 19:50:00+00:00,1302,60.0,45.4,2.718,2.446,2.718,2.446
2021-01-05 20:00:00+00:00,1302,59.6,45.2,4.822,4.52,4.822,4.52
2021-01-05 20:10:00+00:00,1302,58.8,45.4,6.63,6.382,6.63,6.382
2021-01-05 20:20:00+00:00,1302,59.0,45.0,5.662,5.164,5.662,5.164
2021-01-05 20:30:00+00:00,1302,59.4,45.0,4.922,4.436,4.922,4.436
2021-01-05 20:40:00+00:00,1302,59.8,45.0,5.242,4.988,5.242,4.988
2021-01-05 20:50:00+00:00,1302,59.2,45.8,5.096,5.064,5.096,5.064
2021-01-05 21:00:00+00:00,1302,59.2,45.8,5.112,5.182,5.112,5.182
2021-01-05 21:10:00+00:00,1302,58.2,46.0,4.542,5.06,4.542,5.06
2021-01-05 21:20:00+00:00,1302,58.0,46.8,4.89,4.74,4.89,4.74
2021-01-05 21:30:00+00:00,1302,58.0,47.0,5.13,5.558,5.13,5.558
2021-01-05 21:40:00+00:00,1302,58.6,46.2,6.074,5.44,6.074,5.44
2021-01-05 21:50:00+00:00,1302,59.0,46.0,5.952,5.502,5.952,5.502
2021-01-05 22:00:00+00:00,1302,59.2,46.0,6.014,5.898,6.014,5.898
2021-01-05 22:10:00+00:00,1302,59.0,46.4,6.172,6.34,6.172,6.34
2021-01-05 22:20:00+00:00,1302,58.6,47.0,6.624,5.992,6.624,5.992
2021-01-05 22:30:00+00:00,1302,58.6,46.6,7.432,6.726,7.432,6.726
2021-01-05 22:40:00+00:00,1302,59.0,46.8,7.452,7.254,7.452,7.254
2021-01-05 22:50:00+00:00,1302,59.0,47.0,7.094,7.212,7.094,7.212
2021-01-05 23:00:00+00:00,1302,59.0,47.0,7.084,7.378,7.084,7.378
2021-01-05 23:10:00+00:00,1302,58.4,46.8,6.166,6.596,6.166,6.596
2021-01-05 23:20:00+00:00,1302,58.8,45.6,4.544,4.606,4.544,4.606
2021-01-05 23:30:00+00:00,1302,59.0,45.4,2.048,1.57,2.048,1.57
2021-01-05 23:40:00+00:00,1302,59.2,45.0,3.294,2.746,3.294,2.746
2021-01-05 23:50:00+00:00,1302,59.4,45.0,1.566,1.064,1.566,1.064
2021-01-06 00:00:00+00:00,1302,59.0,45.0,0.174,0.144,0.174,0.144
2021-01-06 00:10:00+00:00,1302,58.4,45.2,0.052,0.03,0.052,0.03
2021-01-06 00:20:00+00:00,1302,59.0,45.8,1.154,0.838,1.154,0.838
2021-01-06 00:30:00+00:00,1302,59.0,45.6,2.826,2.5,2.826,2.5
2021-01-06 00:40:00+00:00,1302,58.6,46.0,4.196,3.906,4.196,3.906
2021-01-06 00:50:00+00:00,1302,58.8,46.0,5.118,5.216,5.118,5.216
2021-01-06 01:00:00+00:00,1302,58.2,45.8,6.438,6.726,6.438,6.726
2021-01-06 01:10:00+00:00,1302,58.8,45.6,6.972,6.84,6.972,6.84
2021-01-06 01:20:00+00:00,1302,59.0,46.0,7.548,7.608,7.548,7.608
2021-01-06 01:30:00+00:00,1302,59.0,45.6,17.76,16.528,17.872,16.528
2021-01-06 01:40:00+00:00,1302,59.4,45.0,11.99,11.912,11.99,11.912
2021-01-06 01:50:00+00:00,1302,58.8,45.4,2.972,2.194,2.972,2.194
2021-01-06 02:00:00+00:00,1302,58.0,46.0,9.014,8.676,9.014,8.676
2021-01-06 02:10:00+00:00,1302,58.2,46.0,13.556,12.634,13.696,12.634
2021-01-06 02:20:00+00:00,1302,58.0,46.0,3.996,3.626,3.996,3.626
2021-01-06 02:30:00+00:00,1302,58.0,46.0,2.462,1.806,2.462,1.806
2021-01-06 02:40:00+00:00,1302,57.8,46.0,2.552,2.076,2.552,2.076
2021-01-06 02:50:00+00:00,1302,57.4,46.4,1.094,0.882,1.094,0.882
2021-01-06 03:00:00+00:00,1302,56.2,46.8,0.604,0.452,0.604,0.452
2021-01-06 03:10:00+00:00,1302,56.2,47.0,0.442,0.058,0.442,0.058
2021-01-06 03:20:00+00:00,1302,55.6,47.2,1.016,0.682,1.016,0.682
2021-01-06 03:30:00+00:00,1302,56.0,47.0,1.308,0.836,1.308,0.836
2021-01-06 03:40:00+00:00,1302,56.4,47.0,1.712,1.288,1.712,1.288
2021-01-06 03:50:00+00:00,1302,57.0,47.0,1.486,1.166,1.486,1.166
2021-01-06 04:00:00+00:00,1302,57.0,47.0,1.06,0.746,1.06,0.746
2021-01-06 04:10:00+00:00,1302,57.2,47.0,0.054,0.018,0.054,0.018
2021-01-06 04:20:00+00:00,1302,57.8,47.0,0.0,0.0,0.0,0.0
2021-01-06 04:30:00+00:00,1302,58.0,46.8,0.0,0.0,0.0,0.0
2021-01-06 04:40:00+00:00,1302,59.0,47.0,0.0,0.0,0.0,0.0
2021-01-06 04:50:00+00:00,1302,58.8,46.8,0.018,0.0,0.018,0.0
2021-01-06 05:00:00+00:00,1302,59.0,47.0,0.0,0.0,0.0,0.0
2021-01-06 05:10:00+00:00,1302,59.2,47.0,0.0,0.0,0.0,0.0
2021-01-06 05:20:00+00:00,1302,59.0,47.0,0.0,0.0,0.0,0.0
2021-01-06 05:30:00+00:00,1302,59.0,47.0,0.0,0.0,0.0,0.0
2021-01-06 05:40:00+00:00,1302,59.0,47.0,0.0,0.0,0.0,0.0
2021-01-06 05:50:00+00:00,1302,59.0,47.0,0.0,0.0,0.0,0.0
2021-01-06 06:00:00+00:00,1302,59.2,47.0,0.0,0.0,0.0,0.0
2021-01-06 06:10:00+00:00,1302,59.8,46.6,0.0,0.018,0.0,0.018
2021-01-06 06:20:00+00:00,1302,60.0,46.2,0.0,0.0,0.0,0.0
2021-01-06 06:30:00+00:00,1302,60.2,45.8,0.0,0.0,0.0,0.0
2021-01-06 06:40:00+00:00,1302,60.8,45.8,0.0,0.0,0.0,0.0
2021-01-06 06:50:00+00:00,1302,60.8,46.0,0.0,0.016,0.0,0.016
2021-01-06 07:00:00+00:00,1302,60.4,46.0,0.0,0.0,0.0,0.0
2021-01-06 07:10:00+00:00,1302,57.8,47.2,0.0,0.0,0.0,0.0
2021-01-06 07:20:00+00:00,1302,56.0,48.0,0.0,0.0,0.0,0.0
2021-01-06 07:30:00+00:00,1302,55.8,47.8,0.0,0.0,0.0,0.0
2021-01-06 07:40:00+00:00,1302,54.6,48.0,0.0,0.0,0.0,0.0
2021-01-06 07:50:00+00:00,1302,54.0,48.2,0.0,0.0,0.0,0.0
2021-01-06 08:00:00+00:00,1302,54.6,48.8,0.0,0.0,0.0,0.0
2021-01-06 08:10:00+00:00,1302,55.0,48.8,0.262,0.222,0.262,0.222
2021-01-06 08:20:00+00:00,1302,55.8,48.8,0.0,0.0,0.0,0.0
2021-01-06 08:30:00+00:00,1302,57.4,48.4,0.0,0.0,0.0,0.0
2021-01-06 08:40:00+00:00,1302,59.4,47.6,0.0,0.0,0.0,0.0
2021-01-06 08:50:00+00:00,1302,60.6,47.2,0.0,0.0,0.0,0.0
2021-01-06 09:00:00+00:00,1302,60.8,46.8,0.0,0.0,0.0,0.0
2021-01-06 09:10:00+00:00,1302,61.2,47.0,0.0,0.0,0.0,0.0
2021-01-06 09:20:00+00:00,1302,61.0,47.0,0.0,0.0,0.0,0.0
2021-01-06 09:30:00+00:00,1302,60.0,46.6,0.0,0.0,0.0,0.0
2021-01-06 09:40:00+00:00,1302,59.0,47.8,0.0,0.0,0.0,0.0
2021-01-06 09:50:00+00:00,1302,59.2,47.8,0.0,0.0,0.0,0.0
2021-01-06 10:00:00+00:00,1302,58.4,47.8,0.036,0.0,0.036,0.0
2021-01-06 10:10:00+00:00,1302,58.2,48.2,0.0,0.0,0.0,0.0
2021-01-06 10:20:00+00:00,1302,56.8,48.0,0.0,0.0,0.0,0.0
2021-01-06 10:30:00+00:00,1302,56.0,48.2,0.0,0.0,0.0,0.0
2021-01-06 10:40:00+00:00,1302,56.0,48.6,0.0,0.0,0.0,0.0
2021-01-06 10:50:00+00:00,1302,55.8,48.0,0.0,0.0,0.0,0.0
2021-01-06 11:00:00+00:00,1302,55.8,48.0,0.0,0.0,0.0,0.0
2021-01-06 11:10:00+00:00,1302,55.4,48.2,0.0,0.0,0.0,0.0
2021-01-06 11:20:00+00:00,1302,55.0,48.4,0.0,0.0,0.0,0.0
2021-01-06 11:30:00+00:00,1302,54.2,49.0,0.0,0.0,0.0,0.0
2021-01-06 11:40:00+00:00,1302,53.6,49.0,0.0,0.0,0.0,0.0
2021-01-06 11:50:00+00:00,1302,53.0,49.8,0.0,0.0,0.0,0.0
2021-01-06 12:00:00+00:00,1302,53.0,50.0,0.0,0.0,0.0,0.0
2021-01-06 12:10:00+00:00,1302,52.0,50.0,0.0,0.0,0.0,0.0
2021-01-06 12:20:00+00:00,1302,52.6,50.0,0.0,0.0,0.0,0.0
2021-01-06 12:30:00+00:00,1302,53.0,50.0,0.0,0.0,0.0,0.0
2021-01-06 12:40:00+00:00,1302,53.0,50.0,0.0,0.0,0.0,0.0
2021-01-06 12:50:00+00:00,1302,52.8,49.8,0.0,0.0,0.0,0.0
2021-01-06 13:00:00+00:00,1302,53.0,50.0,0.0,0.0,0.0,0.0
2021-01-06 13:10:00+00:00,1302,52.6,50.0,0.0,0.0,0.0,0.0
2021-01-06 13:20:00+00:00,1302,53.0,50.0,0.0,0.0,0.0,0.0
2021-01-06 13:30:00+00:00,1302,53.0,50.0,0.0,0.0,0.0,0.0
2021-01-06 13:40:00+00:00,1302,53.2,49.6,0.0,0.0,0.0,0.0
2021-01-06 13:50:00+00:00,1302,53.6,50.0,0.0,0.0,0.0,0.0
2021-01-06 14:00:00+00:00,1302,53.8,49.8,0.0,0.0,0.0,0.0
2021-01-06 14:10:00+00:00,1302,53.6,49.4,0.0,0.0,0.0,0.0
2021-01-06 14:20:00+00:00,1302,54.0,49.0,0.0,0.0,0.0,0.0
2021-01-06 14:30:00+00:00,1302,54.0,49.4,0.0,0.0,0.0,0.0
2021-01-06 14:40:00+00:00,1302,53.8,49.2,0.0,0.032,0.0,0.032
2021-01-06 14:50:00+00:00,1302,54.0,49.6,0.0,0.0,0.0,0.0
2021-01-06 15:00:00+00:00,1302,54.0,50.0,0.12,0.116,0.12,0.116
2021-01-06 15:10:00+00:00,1302,54.2,49.8,0.098,0.108,0.098,0.108
2021-01-06 15:20:00+00:00,1302,55.0,49.0,0.266,0.06,0.266,0.06
2021-01-06 15:30:00+00:00,1302,56.0,48.4,0.404,0.306,0.404,0.306
2021-01-06 15:40:00+00:00,1302,56.8,48.0,1.032,0.89,1.032,0.89
2021-01-06 15:50:00+00:00,1302,57.0,48.0,0.568,0.416,0.568,0.416
2021-01-06 16:00:00+00:00,1302,57.6,47.8,0.26,0.106,0.26,0.106
2021-01-06 16:10:00+00:00,1302,57.2,48.0,1.142,0.928,1.142,0.928
2021-01-06 16:20:00+00:00,1302,57.0,48.2,1.048,0.952,1.048,0.952
2021-01-06 16:30:00+00:00,1302,57.0,48.4,0.866,0.878,0.866,0.878
2021-01-06 16:40:00+00:00,1302,56.2,49.0,1.666,1.35,1.666,1.35
2021-01-06 16:50:00+00:00,1302,55.4,49.0,2.138,1.412,2.138,1.412
2021-01-06 17:00:00+00:00,1302,55.6,49.0,2.762,2.252,2.762,2.252
2021-01-06 17:10:00+00:00,1302,56.0,49.0,2.326,2.316,2.326,2.316
2021-01-06 17:20:00+00:00,1302,56.0,49.0,1.728,1.396,1.728,1.396
2021-01-06 17:30:00+00:00,1302,56.0,49.0,2.138,1.898,2.138,1.898
2021-01-06 17:40:00+00:00,1302,55.2,49.2,2.554,2.554,2.554,2.554
2021-01-06 17:50:00+00:00,1302,55.0,50.0,3.784,3.816,3.784,3.816
2021-01-06 18:00:00+00:00,1302,54.6,50.6,3.35,3.74,3.35,3.74
2021-01-06 18:10:00+00:00,1302,53.8,51.2,2.258,2.28,2.258,2.28
2021-01-06 18:20:00+00:00,1302,52.2,52.4,2.364,2.426,2.364,2.426
2021-01-06 18:30:00+00:00,1302,50.4,53.4,2.49,2.212,2.49,2.212
2021-01-06 18:40:00+00:00,1302,48.0,55.8,2.482,2.02,2.482,2.02
2021-01-06 18:50:00+00:00,1302,46.0,56.2,1.632,1.526,1.632,1.526
2021-01-06 19:00:00+00:00,1302,45.0,57.2,2.424,1.964,2.424,1.964
2021-01-06 19:10:00+00:00,1302,42.4,59.8,2.218,1.976,2.218,1.976
2021-01-06 19:20:00+00:00,1302,40.6,61.0,1.734,1.432,1.734,1.432
2021-01-06 19:30:00+00:00,1302,40.2,60.6,1.614,1.44,1.614,1.44
2021-01-06 19:40:00+00:00,1302,41.6,58.4,1.602,1.362,1.602,1.362
2021-01-06 19:50:00+00:00,1302,44.0,56.2,2.278,1.49,2.278,1.49
2021-01-06 20:00:00+00:00,1302,45.4,55.4,2.176,1.83,2.176,1.83
2021-01-06 20:10:00+00:00,1302,45.2,55.8,1.824,1.674,1.824,1.674
2021-01-06 20:20:00+00:00,1302,46.0,55.2,1.586,1.522,1.586,1.522
2021-01-06 20:30:00+00:00,1302,46.2,55.8,1.814,1.488,1.814,1.488
2021-01-06 20:40:00+00:00,1302,46.0,55.8,1.052,1.068,1.052,1.068
2021-01-06 20:50:00+00:00,1302,47.0,54.4,1.484,1.218,1.484,1.218
2021-01-06 21:00:00+00:00,1302,47.8,54.0,1.682,1.546,1.682,1.546
2021-01-06 21:10:00+00:00,1302,48.0,54.0,1.624,1.344,1.624,1.344
2021-01-06 21:20:00+00:00,1302,48.0,54.0,1.722,1.488,1.722,1.488
2021-01-06 21:30:00+00:00,1302,48.2,54.2,1.81,1.386,1.81,1.386
2021-01-06 21:40:00+00:00,1302,48.4,54.2,1.6,1.454,1.6,1.454
2021-01-06 21:50:00+00:00,1302,48.8,54.0,1.496,1.132,1.496,1.132
2021-01-06 22:00:00+00:00,1302,49.0,53.8,1.312,1.048,1.312,1.048
2021-01-06 22:10:00+00:00,1302,49.2,53.0,1.156,0.994,1.156,0.994
2021-01-06 22:20:00+00:00,1302,49.8,53.0,0.916,0.712,0.916,0.712
2021-01-06 22:30:00+00:00,1302,49.0,53.8,0.768,0.754,0.768,0.754
2021-01-06 22:40:00+00:00,1302,49.0,54.0,1.106,0.884,1.106,0.884
2021-01-06 22:50:00+00:00,1302,49.0,53.4,0.616,0.602,0.616,0.602
2021-01-06 23:00:00+00:00,1302,49.0,53.0,0.564,0.32,0.564,0.32
2021-01-06 23:10:00+00:00,1302,49.4,53.0,0.328,0.456,0.328,0.456
2021-01-06 23:20:00+00:00,1302,50.2,52.0,0.638,0.51,0.638,0.51
2021-01-06 23:30:00+00:00,1302,51.0,51.8,0.666,0.616,0.666,0.616
2021-01-06 23:40:00+00:00,1302,51.8,51.2,0.914,1.2,0.914,1.2
2021-01-06 23:50:00+00:00,1302,52.0,51.0,0.994,0.858,0.994,0.858
2021-01-07 00:00:00+00:00,1302,52.0,50.8,0.756,0.57,0.756,0.57
2021-01-07 00:10:00+00:00,1302,52.4,50.0,0.816,0.47,0.816,0.47
2021-01-07 00:20:00+00:00,1302,54.0,49.4,1.758,1.37,1.758,1.37
2021-01-07 00:30:00+00:00,1302,55.0,49.0,2.18,1.834,2.18,1.834
2021-01-07 00:40:00+00:00,1302,55.4,48.8,2.402,1.93,2.402,1.93
2021-01-07 00:50:00+00:00,1302,56.0,48.0,10.088,10.558,10.088,10.558
2021-01-07 01:00:00+00:00,1302,57.0,47.2,44.172,48.868,55.82,61.276
2021-01-07 01:10:00+00:00,1302,57.6,46.2,28.064,32.188,34.158,38.946
2021-01-07 01:20:00+00:00,1302,58.8,45.2,11.418,11.352,11.418,11.352
2021-01-07 01:30:00+00:00,1302,60.2,45.0,5.16,5.072,5.16,5.072
2021-01-07 01:40:00+00:00,1302,60.8,45.0,4.002,3.802,4.002,3.802
2021-01-07 01:50:00+00:00,1302,61.0,45.0,2.268,1.826,2.268,1.826
2021-01-07 02:00:00+00:00,1302,61.8,44.8,2.252,1.944,2.252,1.944
2021-01-07 02:10:00+00:00,1302,62.0,45.0,2.202,1.638,2.202,1.638
2021-01-07 02:20:00+00:00,1302,61.8,45.0,2.152,1.848,2.152,1.848
2021-01-07 02:30:00+00:00,1302,61.8,45.0,1.5,1.256,1.5,1.256
2021-01-07 02:40:00+00:00,1302,62.0,45.6,1.278,1.154,1.278,1.154
2021-01-07 02:50:00+00:00,1302,61.0,46.0,1.47,1.192,1.47,1.192
2021-01-07 03:00:00+00:00,1302,60.6,47.0,1.7,1.594,1.7,1.594
2021-01-07 03:10:00+00:00,1302,60.0,47.0,1.808,1.236,1.808,1.236
2021-01-07 03:20:00+00:00,1302,60.0,47.0,1.938,1.842,1.938,1.842
2021-01-07 03:30:00+00:00,1302,60.0,47.0,1.878,1.562,1.878,1.562
2021-01-07 03:40:00+00:00,1302,59.2,47.6,1.804,1.58,1.804,1.58
2021-01-07 03:50:00+00:00,1302,59.0,47.8,2.382,2.0,2.382,2.0
2021-01-07 04:00:00+00:00,1302,59.0,47.2,2.254,1.686,2.254,1.686
2021-01-07 04:10:00+00:00,1302,59.0,47.2,2.03,1.632,2.03,1.632
2021-01-07 04:20:00+00:00,1302,59.0,47.0,3.018,2.824,3.018,2.824
2021-01-07 04:30:00+00:00,1302,58.6,47.8,4.234,4.438,4.234,4.438
2021-01-07 04:40:00+00:00,1302,58.0,48.0,3.804,4.042,3.804,4.042
2021-01-07 04:50:00+00:00,1302,58.8,47.2,3.272,2.838,3.272,2.838
2021-01-07 05:00:00+00:00,1302,59.0,47.0,2.232,2.356,2.232,2.356
2021-01-07 05:10:00+00:00,1302,59.0,47.0,2.0,1.656,2.0,1.656
2021-01-07 05:20:00+00:00,1302,59.0,47.0,2.346,1.844,2.346,1.844
2021-01-07 05:30:00+00:00,1302,59.0,47.0,2.196,1.884,2.196,1.884
2021-01-07 05:40:00+00:00,1302,59.0,47.0,2.244,2.106,2.244,2.106
2021-01-07 05:50:00+00:00,1302,59.0,47.0,2.762,2.59,2.762,2.59
2021-01-07 06:00:00+00:00,1302,59.2,47.0,2.37,2.19,2.37,2.19
2021-01-07 06:10:00+00:00,1302,59.8,46.8,2.396,2.084,2.396,2.084
2021-01-07 06:20:00+00:00,1302,59.6,46.6,2.426,2.332,2.426,2.332
2021-01-07 06:30:00+00:00,1302,60.0,46.0,2.338,1.926,2.338,1.926
2021-01-07 06:40:00+00:00,1302,60.0,46.0,8.28,7.698,8.28,7.698
2021-01-07 06:50:00+00:00,1302,60.0,46.2,10.764,10.42,10.764,10.42
2021-01-07 07:00:00+00:00,1302,59.4,46.2,11.056,10.672,11.056,10.672
2021-01-07 07:10:00+00:00,1302,59.6,46.0,10.646,10.686,10.646,10.686
2021-01-07 07:20:00+00:00,1302,60.0,45.6,7.45,7.008,7.45,7.008
2021-01-07 07:30:00+00:00,1302,60.2,45.6,5.082,4.656,5.082,4.656
2021-01-07 07:40:00+00:00,1302,59.0,46.0,3.978,4.106,3.978,4.106
2021-01-07 07:50:00+00:00,1302,59.2,45.8,3.52,3.486,3.52,3.486
2021-01-07 08:00:00+00:00,1302,58.6,46.0,2.696,2.616,2.696,2.616
2021-01-07 08:10:00+00:00,1302,59.8,45.2,2.442,2.572,2.442,2.572
2021-01-07 08:20:00+00:00,1302,59.6,46.0,2.02,1.828,2.02,1.828
2021-01-07 08:30:00+00:00,1302,58.8,46.6,2.39,2.324,2.39,2.324
2021-01-07 08:40:00+00:00,1302,58.0,46.4,3.262,3.29,3.262,3.29
2021-01-07 08:50:00+00:00,1302,58.4,45.4,4.656,4.618,4.656,4.618
2021-01-07 09:00:00+00:00,1302,59.2,44.6,4.046,4.064,4.046,4.064
2021-01-07 09:10:00+00:00,1302,60.2,44.0,3.67,3.474,3.67,3.474
2021-01-07 09:20:00+00:00,1302,59.2,45.0,2.65,2.408,2.65,2.408
2021-01-07 09:30:00+00:00,1302,58.2,44.8,2.466,1.842,2.466,1.842
2021-01-07 09:40:00+00:00,1302,59.6,44.0,3.298,2.728,3.298,2.728
2021-01-07 09:50:00+00:00,1302,59.6,44.0,2.96,2.938,2.96,2.938
2021-01-07 10:00:00+00:00,1302,60.0,43.4,2.57,2.26,2.57,2.26
2021-01-07 10:10:00+00:00,1302,61.0,42.6,2.65,2.42,2.65,2.42
2021-01-07 10:20:00+00:00,1302,61.2,42.0,2.16,2.412,2.16,2.412
2021-01-07 10:30:00+00:00,1302,61.2,42.0,1.552,1.618,1.552,1.618
2021-01-07 10:40:00+00:00,1302,61.2,42.0,1.296,1.15,1.296,1.15
2021-01-07 10:50:00+00:00,1302,61.2,41.0,0.918,0.802,0.918,0.802
2021-01-07 11:00:00+00:00,1302,61.4,41.6,1.13,0.866,1.13,0.866
2021-01-07 11:10:00+00:00,1302,61.6,41.2,1.344,1.496,1.344,1.496
2021-01-07 11:20:00+00:00,1302,62.6,41.2,2.766,2.296,2.766,2.296
2021-01-07 11:30:00+00:00,1302,62.2,42.0,4.186,3.73,4.186,3.73
2021-01-07 11:40:00+00:00,1302,62.4,42.8,5.344,4.894,5.344,4.894
2021-01-07 11:50:00+00:00,1302,61.6,43.0,5.824,5.75,5.824,5.75
2021-01-07 12:00:00+00:00,1302,60.8,43.0,7.058,7.366,7.058,7.366
2021-01-07 12:10:00+00:00,1302,60.6,42.8,8.112,8.3,8.112,8.3
2021-01-07 12:20:00+00:00,1302,61.2,42.0,7.978,8.34,7.978,8.34
2021-01-07 12:30:00+00:00,1302,61.8,41.6,7.396,7.512,7.396,7.512
2021-01-07 12:40:00+00:00,1302,62.0,41.4,7.874,8.006,7.874,8.006
2021-01-07 12:50:00+00:00,1302,62.6,40.8,8.19,8.716,8.19,8.716
2021-01-07 13:00:00+00:00,1302,63.4,40.6,9.352,8.922,9.352,8.922
2021-01-07 13:10:00+00:00,1302,63.4,40.4,9.71,9.084,9.71,9.084
2021-01-07 13:20:00+00:00,1302,63.8,40.6,10.378,10.1,10.378,10.1
2021-01-07 13:30:00+00:00,1302,63.2,40.8,10.384,10.406,10.384,10.406
2021-01-07 13:40:00+00:00,1302,62.2,41.0,10.816,10.382,10.816,10.382
2021-01-07 13:50:00+00:00,1302,62.4,41.0,10.882,10.544,10.882,10.544
2021-01-07 14:00:00+00:00,1302,62.6,40.4,10.138,10.228,10.138,10.228
2021-01-07 14:10:00+00:00,1302,63.2,40.4,10.662,9.604,10.662,9.604
2021-01-07 14:20:00+00:00,1302,64.0,40.8,10.522,9.83,10.522,9.83
2021-01-07 14:30:00+00:00,1302,63.8,41.0,11.104,10.73,11.104,10.73
2021-01-07 14:40:00+00:00,1302,64.0,41.4,10.284,10.026,10.284,10.026
2021-01-07 14:50:00+00:00,1302,62.6,42.0,10.794,10.934,10.794,10.934
2021-01-07 15:00:00+00:00,1302,62.2,42.2,11.026,9.982,11.026,9.982
2021-01-07 15:10:00+00:00,1302,61.8,42.8,10.74,10.184,10.74,10.184
2021-01-07 15:20:00+00:00,1302,61.6,43.0,11.206,10.168,11.206,10.168
2021-01-07 15:30:00+00:00,1302,60.8,43.0,11.3,10.876,11.3,10.876
2021-01-07 15:40:00+00:00,1302,60.2,42.0,10.384,10.194,10.384,10.194
2021-01-07 15:50:00+00:00,1302,60.2,42.0,9.45,9.632,9.45,9.632
2021-01-07 16:00:00+00:00,1302,60.0,42.2,9.538,9.526,9.538,9.526
2021-01-07 16:10:00+00:00,1302,60.8,42.0,10.302,10.3,10.302,10.3
2021-01-07 16:20:00+00:00,1302,60.0,42.2,9.282,8.984,9.282,8.984
2021-01-07 16:30:00+00:00,1302,60.4,42.0,8.954,9.13,8.954,9.13
2021-01-07 16:40:00+00:00,1302,60.6,42.2,7.132,7.16,7.132,7.16
2021-01-07 16:50:00+00:00,1302,57.4,43.6,5.076,4.968,5.076,4.968
2021-01-07 17:00:00+00:00,1302,53.6,44.8,3.796,3.928,3.796,3.928
2021-01-07 17:10:00+00:00,1302,50.2,47.0,3.802,3.47,3.802,3.47
2021-01-07 17:20:00+00:00,1302,45.8,51.0,1.73,1.352,1.73,1.352
2021-01-07 17:30:00+00:00,1302,42.2,51.8,0.95,0.596,0.95,0.596
2021-01-07 17:40:00+00:00,1302,41.6,51.2,1.128,0.568,1.128,0.568
2021-01-07 17:50:00+00:00,1302,42.8,49.8,1.204,0.896,1.204,0.896
2021-01-07 18:00:00+00:00,1302,43.0,49.0,1.658,1.212,1.658,1.212
2021-01-07 18:10:00+00:00,1302,43.0,49.0,2.892,2.394,2.892,2.394
2021-01-07 18:20:00+00:00,1302,43.0,49.0,3.186,3.57,3.186,3.57
2021-01-07 18:30:00+00:00,1302,43.0,49.4,3.176,3.094,3.176,3.094
2021-01-07 18:40:00+00:00,1302,41.6,51.6,3.126,3.006,3.126,3.006
2021-01-07 18:50:00+00:00,1302,42.0,51.8,3.274,3.576,3.274,3.576
2021-01-07 19:00:00+00:00,1302,43.8,50.6,4.056,4.352,4.056,4.352
2021-01-07 19:10:00+00:00,1302,47.2,49.4,3.504,3.836,3.504,3.836
2021-01-07 19:20:00+00:00,1302,48.6,49.0,3.024,3.224,3.024,3.224
2021-01-07 19:30:00+00:00,1302,49.2,49.0,3.282,3.586,3.282,3.586
2021-01-07 19:40:00+00:00,1302,49.8,49.0,4.298,4.406,4.298,4.406
2021-01-07 19:50:00+00:00,1302,50.0,49.0,5.552,5.748,5.552,5.748
2021-01-07 20:00:00+00:00,1302,50.0,49.2,5.156,5.48,5.156,5.48
2021-01-07 20:10:00+00:00,1302,50.0,49.0,5.688,5.326,5.688,5.326
2021-01-07 20:20:00+00:00,1302,50.0,49.0,5.482,5.476,5.482,5.476
2021-01-07 20:30:00+00:00,1302,50.4,48.8,5.674,5.376,5.674,5.376
2021-01-07 20:40:00+00:00,1302,51.0,48.8,5.614,5.474,5.614,5.474
2021-01-07 20:50:00+00:00,1302,51.2,48.4,7.398,6.858,7.398,6.858
2021-01-07 21:00:00+00:00,1302,51.2,49.0,7.962,7.462,7.962,7.462
2021-01-07 21:10:00+00:00,1302,51.0,49.0,7.01,6.33,7.01,6.33
2021-01-07 21:20:00+00:00,1302,51.0,49.0,6.928,6.858,6.928,6.858
2021-01-07 21:30:00+00:00,1302,51.0,49.0,7.51,6.896,7.51,6.896
2021-01-07 21:40:00+00:00,1302,50.8,49.0,7.208,6.724,7.208,6.724
2021-01-07 21:50:00+00:00,1302,50.8,49.0,7.278,7.566,7.278,7.566
2021-01-07 22:00:00+00:00,1302,51.0,49.0,7.44,7.114,7.44,7.114
2021-01-07 22:10:00+00:00,1302,51.0,48.8,6.696,6.16,6.696,6.16
2021-01-07 22:20:00+00:00,1302,50.8,48.4,3.652,4.078,3.652,4.078
2021-01-07 22:30:00+00:00,1302,51.0,48.8,3.26,3.336,3.26,3.336
2021-01-07 22:40:00+00:00,1302,51.4,48.0,3.652,3.296,3.652,3.296
2021-01-07 22:50:00+00:00,1302,51.8,48.0,3.264,3.198,3.264,3.198
2021-01-07 23:00:00+00:00,1302,51.0,48.0,2.918,2.768,2.918,2.768
2021-01-07 23:10:00+00:00,1302,51.0,48.2,2.888,2.418,2.888,2.418
2021-01-07 23:20:00+00:00,1302,51.0,48.2,3.88,3.736,3.88,3.736
2021-01-07 23:30:00+00:00,1302,51.0,48.0,3.442,3.57,3.442,3.57
2021-01-07 23:40:00+00:00,1302,51.8,48.0,2.664,2.762,2.664,2.762
2021-01-07 23:50:00+00:00,1302,52.4,48.0,3.006,3.154,3.006,3.154
2021-01-08 00:00:00+00:00,1302,52.6,47.2,3.484,3.654,3.484,3.654
2021-01-08 00:10:00+00:00,1302,53.0,47.0,3.906,4.276,3.906,4.276
2021-01-08 00:20:00+00:00,1302,54.2,46.2,3.714,3.7,3.714,3.7
2021-01-08 00:30:00+00:00,1302,55.6,45.4,3.824,3.382,3.824,3.382
2021-01-08 00:40:00+00:00,1302,55.8,46.0,4.108,4.258,4.108,4.258
2021-01-08 00:50:00+00:00,1302,56.0,46.0,5.07,4.654,5.07,4.674
2021-01-08 01:00:00+00:00,1302,56.0,46.0,5.86,5.42,5.86,5.42
2021-01-08 01:10:00+00:00,1302,56.0,46.0,5.162,4.666,5.162,4.666
2021-01-08 01:20:00+00:00,1302,56.4,46.0,4.212,4.182,4.212,4.182
2021-01-08 01:30:00+00:00,1302,56.8,45.6,4.824,4.532,4.824,4.532
2021-01-08 01:40:00+00:00,1302,57.8,45.0,4.13,4.188,4.13,4.188
2021-01-08 01:50:00+00:00,1302,58.0,45.0,4.136,4.178,4.136,4.178
2021-01-08 02:00:00+00:00,1302,57.8,45.4,4.812,4.368,4.812,4.368
2021-01-08 02:10:00+00:00,1302,57.0,46.0,5.99,5.83,5.99,5.83
2021-01-08 02:20:00+00:00,1302,57.0,46.0,6.856,6.27,6.856,6.27
2021-01-08 02:30:00+00:00,1302,57.2,46.0,6.088,5.69,6.088,5.69
2021-01-08 02:40:00+00:00,1302,57.0,45.8,6.492,6.27,6.492,6.27
2021-01-08 02:50:00+00:00,1302,57.0,45.8,6.916,6.81,6.916,6.81
2021-01-08 03:00:00+00:00,1302,57.0,45.0,14.708,14.262,14.708,14.262
2021-01-08 03:10:00+00:00,1302,57.0,45.8,18.628,18.196,18.628,18.196
2021-01-08 03:20:00+00:00,1302,57.0,45.8,18.442,18.518,18.442,18.518
2021-01-08 03:30:00+00:00,1302,57.4,45.0,15.878,15.618,15.878,15.618
2021-01-08 03:40:00+00:00,1302,57.6,45.0,13.818,13.33,13.818,13.33
2021-01-08 03:50:00+00:00,1302,58.0,45.0,11.92,11.224,11.92,11.224
2021-01-08 04:00:00+00:00,1302,58.2,45.0,12.092,11.348,12.092,11.348
2021-01-08 04:10:00+00:00,1302,58.6,45.0,16.508,15.038,16.508,15.038
2021-01-08 04:20:00+00:00,1302,58.0,45.0,16.63,15.944,16.63,15.944
2021-01-08 04:30:00+00:00,1302,58.0,44.8,20.084,19.478,20.084,19.478
2021-01-08 04:40:00+00:00,1302,58.0,45.0,19.108,18.54,19.108,18.54
2021-01-08 04:50:00+00:00,1302,57.6,44.6,18.604,17.23,18.604,17.23
2021-01-08 05:00:00+00:00,1302,58.0,44.0,17.108,16.622,17.108,16.622
2021-01-08 05:10:00+00:00,1302,58.2,44.0,15.366,15.392,15.366,15.392
2021-01-08 05:20:00+00:00,1302,58.8,43.0,16.89,16.462,16.89,16.462
2021-01-08 05:30:00+00:00,1302,59.0,43.0,17.686,17.146,17.686,17.146
2021-01-08 05:40:00+00:00,1302,59.2,42.6,18.258,18.448,18.258,18.448
2021-01-08 05:50:00+00:00,1302,59.2,42.0,18.286,17.908,18.286,17.908
2021-01-08 06:00:00+00:00,1302,59.8,41.8,18.042,17.172,18.042,17.172
2021-01-08 06:10:00+00:00,1302,60.6,41.0,18.012,17.386,18.012,17.386
2021-01-08 06:20:00+00:00,1302,61.2,40.4,14.958,15.094,14.958,15.094
2021-01-08 06:30:00+00:00,1302,62.4,40.0,14.29,13.162,14.29,13.162
2021-01-08 06:40:00+00:00,1302,61.4,41.0,14.06,13.266,14.06,13.266
2021-01-08 06:50:00+00:00,1302,60.8,41.0,14.148,13.688,14.148,13.688
2021-01-08 07:00:00+00:00,1302,60.6,40.8,15.158,15.108,15.158,15.108
2021-01-08 07:10:00+00:00,1302,61.0,40.0,15.608,14.286,15.608,14.286
2021-01-08 07:20:00+00:00,1302,61.0,39.8,14.722,13.204,14.722,13.204
2021-01-08 07:30:00+00:00,1302,62.6,39.0,13.742,13.402,13.742,13.402
2021-01-08 07:40:00+00:00,1302,63.0,39.4,15.832,14.958,15.832,14.958
2021-01-08 07:50:00+00:00,1302,62.0,40.0,14.206,13.462,14.206,13.462
2021-01-08 08:00:00+00:00,1302,61.0,40.8,12.14,11.204,12.14,11.204
2021-01-08 08:10:00+00:00,1302,60.0,40.2,11.77,10.944,11.77,10.944
2021-01-08 08:20:00+00:00,1302,60.8,40.0,13.054,12.44,13.054,12.44
2021-01-08 08:30:00+00:00,1302,60.6,40.0,12.852,12.358,12.852,12.358
2021-01-08 08:40:00+00:00,1302,61.0,40.0,13.084,12.828,13.084,12.828
2021-01-08 08:50:00+00:00,1302,60.4,40.0,12.508,12.3,12.508,12.3
2021-01-08 09:00:00+00:00,1302,60.6,40.0,12.958,12.872,12.958,12.872
2021-01-08 09:10:00+00:00,1302,60.6,40.0,13.898,13.718,13.898,13.718
2021-01-08 09:20:00+00:00,1302,60.8,39.6,14.814,13.792,14.814,13.792
2021-01-08 09:30:00+00:00,1302,61.0,39.8,16.46,15.74,16.46,15.74
2021-01-08 09:40:00+00:00,1302,61.0,39.8,16.002,14.996,16.002,14.996
2021-01-08 09:50:00+00:00,1302,60.8,40.0,15.828,14.734,15.828,14.734
2021-01-08 10:00:00+00:00,1302,60.6,40.0,15.746,15.44,15.746,15.44
2021-01-08 10:10:00+00:00,1302,60.4,39.6,15.06,14.29,15.06,14.29
2021-01-08 10:20:00+00:00,1302,61.0,40.0,13.4,12.6,13.4,12.6
2021-01-08 10:30:00+00:00,1302,60.6,40.0,13.744,13.64,13.744,13.64
2021-01-08 10:40:00+00:00,1302,60.2,40.0,15.344,13.748,15.344,13.748
2021-01-08 10:50:00+00:00,1302,60.0,40.0,14.69,14.24,14.69,14.24
2021-01-08 11:00:00+00:00,1302,60.0,40.0,16.282,15.748,16.282,15.748
2021-01-08 11:10:00+00:00,1302,60.0,40.0,15.598,15.09,15.598,15.09
2021-01-08 11:20:00+00:00,1302,60.0,40.0,15.034,14.086,15.034,14.086
2021-01-08 11:30:00+00:00,1302,59.2,41.0,15.036,14.118,15.036,14.118
2021-01-08 11:40:00+00:00,1302,59.0,40.0,13.668,12.752,13.668,12.752
2021-01-08 11:50:00+00:00,1302,59.8,40.0,16.276,15.84,16.276,15.84
2021-01-08 12:00:00+00:00,1302,60.0,39.8,17.59,16.04,17.59,16.04
2021-01-08 12:10:00+00:00,1302,60.0,40.0,17.39,16.756,17.39,16.756
2021-01-08 12:20:00+00:00,1302,60.0,39.8,15.614,14.688,15.614,14.688
2021-01-08 12:30:00+00:00,1302,60.0,39.8,14.02,13.19,14.02,13.19
2021-01-08 12:40:00+00:00,1302,60.4,39.6,13.404,13.356,13.404,13.356
2021-01-08 12:50:00+00:00,1302,59.8,40.0,14.428,13.714,14.428,13.714
2021-01-08 13:00:00+00:00,1302,60.0,39.0,14.128,13.592,14.128,13.592
2021-01-08 13:10:00+00:00,1302,59.8,39.2,12.82,12.208,12.82,12.208
2021-01-08 13:20:00+00:00,1302,60.0,38.8,12.16,12.128,12.16,12.128
2021-01-08 13:30:00+00:00,1302,60.0,39.0,11.844,11.044,11.844,11.044
2021-01-08 13:40:00+00:00,1302,59.4,39.0,12.142,11.26,12.142,11.26
2021-01-08 13:50:00+00:00,1302,59.0,38.8,11.516,11.716,11.516,11.716
2021-01-08 14:00:00+00:00,1302,59.8,39.0,12.16,11.934,12.16,11.934
2021-01-08 14:10:00+00:00,1302,59.2,39.0,12.31,11.838,12.31,11.838
2021-01-08 14:20:00+00:00,1302,59.6,39.0,12.448,11.884,12.448,11.884
2021-01-08 14:30:00+00:00,1302,59.4,39.0,11.018,10.412,11.018,10.412
2021-01-08 14:40:00+00:00,1302,59.2,39.8,10.85,10.606,10.85,10.606
2021-01-08 14:50:00+00:00,1302,59.0,40.0,11.626,10.378,11.626,10.378
2021-01-08 15:00:00+00:00,1302,59.0,40.0,11.232,10.846,11.232,10.846
2021-01-08 15:10:00+00:00,1302,59.0,39.8,11.586,10.74,11.586,10.74
2021-01-08 15:20:00+00:00,1302,60.2,39.0,12.03,10.836,12.03,10.836
2021-01-08 15:30:00+00:00,1302,60.0,39.8,12.85,11.688,12.85,11.688
2021-01-08 15:40:00+00:00,1302,59.2,40.0,10.626,10.318,10.626,10.318
2021-01-08 15:50:00+00:00,1302,58.6,40.8,12.55,11.234,12.55,11.234
2021-01-08 16:00:00+00:00,1302,58.0,41.0,14.348,13.076,14.348,13.076
2021-01-08 16:10:00+00:00,1302,58.4,41.0,10.516,10.252,10.516,10.252
2021-01-08 16:20:00+00:00,1302,58.0,41.0,13.23,14.28,13.23,14.28
2021-01-08 16:30:00+00:00,1302,58.0,41.0,20.672,19.764,20.672,19.764
2021-01-08 16:40:00+00:00,1302,58.0,41.0,18.546,18.948,18.546,18.948
2021-01-08 16:50:00+00:00,1302,58.0,41.4,17.046,17.916,17.046,17.916
2021-01-08 17:00:00+00:00,1302,58.0,42.0,14.436,15.134,14.436,15.134
2021-01-08 17:10:00+00:00,1302,58.0,42.0,15.62,15.25,15.62,15.25
2021-01-08 17:20:00+00:00,1302,58.0,42.0,13.322,13.742,13.322,13.742
2021-01-08 17:30:00+00:00,1302,57.4,42.2,14.23,13.63,14.23,13.63
2021-01-08 17:40:00+00:00,1302,57.2,43.0,18.882,18.564,18.882,18.564
2021-01-08 17:50:00+00:00,1302,57.0,42.8,18.166,17.68,18.166,17.68
2021-01-08 18:00:00+00:00,1302,57.0,43.0,17.258,16.766,17.258,16.766
2021-01-08 18:10:00+00:00,1302,57.0,43.0,20.0,18.788,20.0,18.788
2021-01-08 18:20:00+00:00,1302,57.0,43.0,22.946,21.704,22.946,21.704
2021-01-08 18:30:00+00:00,1302,56.8,43.2,19.762,19.504,19.762,19.504
2021-01-08 18:40:00+00:00,1302,56.8,44.0,17.934,16.634,17.934,16.634
2021-01-08 18:50:00+00:00,1302,56.0,44.0,16.496,16.448,16.496,16.448
2021-01-08 19:00:00+00:00,1302,55.2,44.0,14.422,13.726,14.422,13.726
2021-01-08 19:10:00+00:00,1302,54.4,44.2,11.462,11.528,11.462,11.528
2021-01-08 19:20:00+00:00,1302,53.6,44.6,7.914,7.32,7.914,7.32
2021-01-08 19:30:00+00:00,1302,53.0,44.0,3.002,2.912,3.002,2.912
2021-01-08 19:40:00+00:00,1302,53.0,44.6,2.68,2.408,2.68,2.408
2021-01-08 19:50:00+00:00,1302,51.8,44.6,3.182,2.94,3.182,2.94
2021-01-08 20:00:00+00:00,1302,51.2,45.8,3.24,2.8,3.24,2.8
2021-01-08 20:10:00+00:00,1302,51.0,46.0,4.938,4.572,4.938,4.572
2021-01-08 20:20:00+00:00,1302,51.0,45.8,5.626,5.578,5.626,5.578
2021-01-08 20:30:00+00:00,1302,51.0,46.0,8.35,8.25,8.35,8.25
2021-01-08 20:40:00+00:00,1302,52.0,46.0,13.594,13.078,13.594,13.078
2021-01-08 20:50:00+00:00,1302,51.6,46.0,13.21,12.736,13.21,12.736
2021-01-08 21:00:00+00:00,1302,51.0,46.0,11.464,11.016,11.464,11.016
2021-01-08 21:10:00+00:00,1302,50.0,46.8,10.07,9.878,10.07,9.878
2021-01-08 21:20:00+00:00,1302,49.6,47.0,8.806,8.724,8.806,8.724
2021-01-08 21:30:00+00:00,1302,50.0,47.0,9.462,9.186,9.462,9.186
2021-01-08 21:40:00+00:00,1302,49.4,47.0,9.09,8.884,9.09,8.884
2021-01-08 21:50:00+00:00,1302,49.8,46.6,8.986,8.548,8.986,8.548
2021-01-08 22:00:00+00:00,1302,49.8,47.0,9.148,8.886,9.148,8.886
2021-01-08 22:10:00+00:00,1302,50.0,46.6,9.29,9.618,9.29,9.618
2021-01-08 22:20:00+00:00,1302,50.8,46.4,10.94,10.636,10.94,10.636
2021-01-08 22:30:00+00:00,1302,51.2,46.6,12.268,11.874,12.268,11.874
2021-01-08 22:40:00+00:00,1302,51.8,46.2,12.342,12.238,12.342,12.238
2021-01-08 22:50:00+00:00,1302,52.0,46.2,11.93,11.818,11.93,11.818
2021-01-08 23:00:00+00:00,1302,52.0,46.0,12.934,12.134,12.934,12.134
2021-01-08 23:10:00+00:00,1302,52.0,46.0,12.434,11.816,12.434,11.816
2021-01-08 23:20:00+00:00,1302,52.2,46.0,12.32,11.81,12.32,11.81
2021-01-08 23:30:00+00:00,1302,53.0,46.0,12.262,11.81,12.262,11.81
2021-01-08 23:40:00+00:00,1302,53.0,46.0,12.682,12.128,12.682,12.128
2021-01-08 23:50:00+00:00,1302,53.0,46.0,12.304,12.222,12.304,12.222
2021-01-09 00:00:00+00:00,1302,53.6,45.8,13.106,12.158,13.106,12.158
2021-01-09 00:10:00+00:00,1302,54.0,45.0,13.198,12.148,13.198,12.148
2021-01-09 00:20:00+00:00,1302,54.0,45.0,12.97,12.69,12.97,12.69
2021-01-09 00:30:00+00:00,1302,54.8,44.8,15.332,14.482,15.332,14.482
2021-01-09 00:40:00+00:00,1302,55.6,44.0,16.128,15.624,16.128,15.624
2021-01-09 00:50:00+00:00,1302,56.2,44.0,14.2,14.178,14.2,14.178
2021-01-09 01:00:00+00:00,1302,57.0,44.0,14.71,13.884,14.71,13.884
2021-01-09 01:10:00+00:00,1302,57.0,43.2,13.34,13.45,13.34,13.45
2021-01-09 01:20:00+00:00,1302,57.6,43.0,12.954,12.278,12.954,12.278
2021-01-09 01:30:00+00:00,1302,58.0,43.0,12.036,10.964,12.036,10.964
2021-01-09 01:40:00+00:00,1302,58.0,43.0,11.02,10.118,11.02,10.118
2021-01-09 01:50:00+00:00,1302,58.0,43.0,10.972,10.468,10.972,10.468
2021-01-09 02:00:00+00:00,1302,58.0,43.0,10.9,9.876,10.9,9.876
2021-01-09 02:10:00+00:00,1302,58.0,43.0,10.28,10.03,10.28,10.03
2021-01-09 02:20:00+00:00,1302,58.0,43.0,10.828,10.098,10.828,10.098
2021-01-09 02:30:00+00:00,1302,58.0,42.8,10.156,10.29,10.156,10.29
2021-01-09 02:40:00+00:00,1302,58.0,43.2,9.246,8.2,9.246,8.2
2021-01-09 02:50:00+00:00,1302,58.0,43.0,8.136,8.304,8.136,8.304
2021-01-09 03:00:00+00:00,1302,58.0,43.0,7.734,8.068,7.734,8.068
2021-01-09 03:10:00+00:00,1302,58.0,43.0,8.812,8.456,8.812,8.456
2021-01-09 03:20:00+00:00,1302,58.0,43.0,7.462,6.776,7.462,6.776
2021-01-09 03:30:00+00:00,1302,58.0,43.0,7.58,7.234,7.58,7.234
2021-01-09 03:40:00+00:00,1302,58.0,43.0,7.166,7.238,7.166,7.238
2021-01-09 03:50:00+00:00,1302,58.0,42.8,8.922,8.296,8.922,8.296
2021-01-09 04:00:00+00:00,1302,58.4,42.6,8.974,8.87,8.974,8.87
2021-01-09 04:10:00+00:00,1302,59.0,42.0,10.544,9.9,10.544,9.9
2021-01-09 04:20:00+00:00,1302,59.4,41.6,10.832,9.726,10.832,9.726
2021-01-09 04:30:00+00:00,1302,59.2,41.6,12.408,11.768,12.408,11.768
2021-01-09 04:40:00+00:00,1302,60.0,41.6,11.864,11.052,11.864,11.052
2021-01-09 04:50:00+00:00,1302,60.0,41.8,11.626,10.924,11.626,10.924
2021-01-09 05:00:00+00:00,1302,60.0,42.0,11.32,10.65,11.32,10.65
2021-01-09 05:10:00+00:00,1302,60.0,42.2,10.562,10.242,10.562,10.242
2021-01-09 05:20:00+00:00,1302,59.8,42.4,11.118,10.44,11.118,10.44
2021-01-09 05:30:00+00:00,1302,59.0,43.0,10.192,10.382,10.192,10.382
2021-01-09 05:40:00+00:00,1302,59.0,43.0,10.78,10.268,10.78,10.268
2021-01-09 05:50:00+00:00,1302,59.0,43.0,11.47,11.082,11.47,11.082
2021-01-09 06:00:00+00:00,1302,59.0,43.0,11.712,11.9,11.712,11.9
2021-01-09 06:10:00+00:00,1302,59.0,43.0,11.412,10.842,11.412,10.842
2021-01-09 06:20:00+00:00,1302,59.0,43.0,11.682,11.578,11.682,11.578
2021-01-09 06:30:00+00:00,1302,59.0,43.0,11.638,11.272,11.638,11.272
2021-01-09 06:40:00+00:00,1302,59.0,43.0,11.978,11.676,11.978,11.676
2021-01-09 06:50:00+00:00,1302,58.4,43.2,11.786,10.896,11.786,10.896
2021-01-09 07:00:00+00:00,1302,58.0,43.8,11.684,11.398,11.684,11.398
2021-01-09 07:10:00+00:00,1302,58.0,43.2,12.282,11.95,12.282,11.95
2021-01-09 07:20:00+00:00,1302,58.0,43.0,13.636,13.328,13.636,13.328
2021-01-09 07:30:00+00:00,1302,58.0,43.0,14.436,14.22,14.436,14.22
2021-01-09 07:40:00+00:00,1302,58.0,42.6,16.442,16.056,16.442,16.056
2021-01-09 07:50:00+00:00,1302,58.4,42.0,17.878,17.266,17.878,17.266
2021-01-09 08:00:00+00:00,1302,59.0,42.0,17.568,16.798,17.568,16.798
2021-01-09 08:10:00+00:00,1302,59.0,41.4,15.238,15.986,15.238,15.986
2021-01-09 08:20:00+00:00,1302,60.0,41.0,15.11,15.828,15.11,15.828
2021-01-09 08:30:00+00:00,1302,60.0,41.0,14.794,16.35,14.794,16.35
2021-01-09 08:40:00+00:00,1302,60.0,40.4,14.762,14.228,14.762,14.228
2021-01-09 08:50:00+00:00,1302,61.0,40.0,14.66,13.854,14.66,13.854
2021-01-09 09:00:00+00:00,1302,61.8,39.0,16.032,15.376,16.032,15.376
2021-01-09 09:10:00+00:00,1302,62.0,39.2,15.144,14.526,15.144,14.526
2021-01-09 09:20:00+00:00,1302,62.0,39.0,14.098,13.63,14.098,13.63
2021-01-09 09:30:00+00:00,1302,62.8,38.2,14.606,14.608,14.606,14.608
2021-01-09 09:40:00+00:00,1302,63.0,38.0,15.952,14.794,15.952,14.794
2021-01-09 09:50:00+00:00,1302,63.2,38.0,16.76,15.558,16.76,15.558
2021-01-09 10:00:00+00:00,1302,63.6,38.6,15.53,15.27,15.53,15.27
2021-01-09 10:10:00+00:00,1302,63.0,39.0,16.706,15.808,16.706,15.808
2021-01-09 10:20:00+00:00,1302,63.4,39.0,16.022,15.24,16.022,15.24
2021-01-09 10:30:00+00:00,1302,63.2,39.8,16.14,15.86,16.14,15.86
2021-01-09 10:40:00+00:00,1302,63.0,40.0,16.516,15.47,16.516,15.47
2021-01-09 10:50:00+00:00,1302,63.0,40.2,15.89,15.726,15.89,15.726
2021-01-09 11:00:00+00:00,1302,62.4,41.0,16.424,15.464,16.424,15.464
2021-01-09 11:10:00+00:00,1302,62.0,41.0,16.756,15.734,16.756,15.734
2021-01-09 11:20:00+00:00,1302,62.0,41.6,16.354,15.128,16.354,15.128
2021-01-09 11:30:00+00:00,1302,61.2,42.0,16.096,15.386,16.096,15.386
2021-01-09 11:40:00+00:00,1302,61.4,41.8,15.964,14.76,15.964,14.76
2021-01-09 11:50:00+00:00,1302,61.0,42.0,16.072,15.35,16.072,15.35
2021-01-09 12:00:00+00:00,1302,60.6,42.0,15.922,15.734,15.922,15.734
2021-01-09 12:10:00+00:00,1302,61.0,42.0,16.42,15.982,16.42,15.982
2021-01-09 12:20:00+00:00,1302,60.6,42.0,15.7,15.624,15.7,15.624
2021-01-09 12:30:00+00:00,1302,60.0,42.0,18.98,18.002,18.98,18.002
2021-01-09 12:40:00+00:00,1302,60.0,42.0,18.254,18.282,18.254,18.282
2021-01-09 12:50:00+00:00,1302,60.0,42.0,17.846,17.142,17.846,17.142
2021-01-09 13:00:00+00:00,1302,60.0,42.0,17.06,16.352,17.06,16.352
2021-01-09 13:10:00+00:00,1302,60.0,42.0,15.144,15.268,15.144,15.268
2021-01-09 13:20:00+00:00,1302,59.6,42.0,15.244,14.16,15.244,14.16
2021-01-09 13:30:00+00:00,1302,59.0,42.0,13.944,13.042,13.944,13.042
2021-01-09 13:40:00+00:00,1302,59.0,42.0,12.68,12.458,12.68,12.458
2021-01-09 13:50:00+00:00,1302,59.0,41.0,12.24,12.482,12.24,12.482
2021-01-09 14:00:00+00:00,1302,59.0,41.0,12.334,14.856,12.334,14.856
2021-01-09 14:10:00+00:00,1302,59.8,41.0,12.498,12.216,12.498,12.216
2021-01-09 14:20:00+00:00,1302,60.0,40.2,12.47,11.552,12.47,11.552
2021-01-09 14:30:00+00:00,1302,60.6,40.0,12.7,12.01,12.7,12.01
2021-01-09 14:40:00+00:00,1302,60.2,40.0,12.988,12.598,12.988,12.598
2021-01-09 14:50:00+00:00,1302,60.0,40.0,13.754,12.774,13.754,12.774
2021-01-09 15:00:00+00:00,1302,60.8,40.0,13.978,13.638,13.978,13.638
2021-01-09 15:10:00+00:00,1302,61.0,40.0,14.27,13.62,14.27,13.62
2021-01-09 15:20:00+00:00,1302,61.0,40.0,13.56,13.646,13.56,13.646
2021-01-09 15:30:00+00:00,1302,60.8,40.6,13.724,13.238,13.724,13.238
2021-01-09 15:40:00+00:00,1302,60.2,41.0,12.642,12.272,12.642,12.272
2021-01-09 15:50:00+00:00,1302,60.0,40.8,12.942,12.19,12.942,12.19
2021-01-09 16:00:00+00:00,1302,60.0,41.0,12.834,12.178,12.834,12.178
2021-01-09 16:10:00+00:00,1302,60.0,41.0,11.974,11.524,11.974,11.524
2021-01-09 16:20:00+00:00,1302,60.2,40.6,11.908,11.478,11.908,11.478
2021-01-09 16:30:00+00:00,1302,60.0,41.0,10.83,10.188,10.83,10.188
2021-01-09 16:40:00+00:00,1302,59.8,41.4,11.264,10.8,11.264,10.8
2021-01-09 16:50:00+00:00,1302,58.6,42.0,9.166,8.856,9.166,8.856
2021-01-09 17:00:00+00:00,1302,57.4,42.2,7.11,6.632,7.11,6.632
2021-01-09 17:10:00+00:00,1302,56.8,43.4,6.416,6.388,6.416,6.388
2021-01-09 17:20:00+00:00,1302,54.6,46.6,7.436,6.91,7.436,6.91
2021-01-09 17:30:00+00:00,1302,50.8,48.2,8.416,8.488,8.416,8.488
2021-01-09 17:40:00+00:00,1302,49.6,49.0,9.404,9.228,9.404,9.228
2021-01-09 17:50:00+00:00,1302,49.2,49.0,9.412,8.814,9.412,8.814
2021-01-09 18:00:00+00:00,1302,50.4,47.0,8.444,8.192,8.444,8.192
2021-01-09 18:10:00+00:00,1302,50.8,46.2,9.912,9.748,9.912,9.748
2021-01-09 18:20:00+00:00,1302,50.0,46.0,8.908,8.348,8.908,8.348
2021-01-09 18:30:00+00:00,1302,50.0,45.2,7.866,7.636,7.866,7.636
2021-01-09 18:40:00+00:00,1302,51.2,45.0,11.02,11.026,11.02,11.026
2021-01-09 18:50:00+00:00,1302,52.4,45.4,13.372,12.302,13.372,12.302
2021-01-09 19:00:00+00:00,1302,53.0,45.8,11.848,11.522,11.848,11.522
2021-01-09 19:10:00+00:00,1302,52.6,45.8,9.378,9.178,9.378,9.178
2021-01-09 19:20:00+00:00,1302,52.6,45.8,8.25,8.018,8.25,8.018
2021-01-09 19:30:00+00:00,1302,52.2,45.2,9.132,8.768,9.132,8.768
2021-01-09 19:40:00+00:00,1302,52.0,45.0,10.094,9.406,10.094,9.406
2021-01-09 19:50:00+00:00,1302,52.0,45.4,8.544,8.64,8.544,8.64
2021-01-09 20:00:00+00:00,1302,51.0,45.2,8.316,8.02,8.316,8.02
2021-01-09 20:10:00+00:00,1302,51.4,45.0,8.69,8.638,8.69,8.638
2021-01-09 20:20:00+00:00,1302,51.4,45.6,8.664,8.75,8.664,8.75
2021-01-09 20:30:00+00:00,1302,51.0,45.8,9.848,9.902,9.848,9.902
2021-01-09 20:40:00+00:00,1302,51.0,46.0,10.284,10.538,10.284,10.538
2021-01-09 20:50:00+00:00,1302,51.0,46.4,10.442,10.394,10.442,10.394
2021-01-09 21:00:00+00:00,1302,51.0,46.8,10.966,10.658,10.966,10.658
2021-01-09 21:10:00+00:00,1302,51.0,46.2,10.578,10.066,10.578,10.066
2021-01-09 21:20:00+00:00,1302,51.4,46.0,8.686,8.688,8.686,8.688
2021-01-09 21:30:00+00:00,1302,51.6,46.2,8.498,7.98,8.498,7.98
2021-01-09 21:40:00+00:00,1302,51.8,46.0,7.882,7.484,7.882,7.484
2021-01-09 21:50:00+00:00,1302,52.0,46.0,8.016,7.454,8.016,7.454
2021-01-09 22:00:00+00:00,1302,51.2,46.8,7.85,7.038,7.85,7.038
2021-01-09 22:10:00+00:00,1302,51.0,46.8,7.786,7.632,7.786,7.632
2021-01-09 22:20:00+00:00,1302,51.0,46.4,7.726,7.772,7.726,7.772
2021-01-09 22:30:00+00:00,1302,51.0,46.6,8.208,7.75,8.208,7.75
2021-01-09 22:40:00+00:00,1302,51.0,46.6,8.824,9.276,8.824,9.276
2021-01-09 22:50:00+00:00,1302,51.0,46.8,9.404,9.254,9.404,9.254
2021-01-09 23:00:00+00:00,1302,51.2,46.0,9.334,9.426,9.334,9.426
2021-01-09 23:10:00+00:00,1302,52.0,45.8,8.144,7.386,8.144,7.386
2021-01-09 23:20:00+00:00,1302,51.8,46.0,8.156,7.868,8.156,7.868
2021-01-09 23:30:00+00:00,1302,52.0,46.0,8.972,8.58,8.972,8.58
2021-01-09 23:40:00+00:00,1302,52.0,45.6,9.506,9.038,9.506,9.038
2021-01-09 23:50:00+00:00,1302,52.2,46.0,13.154,12.366,13.154,12.366
2021-01-10 00:00:00+00:00,1302,53.0,45.6,13.614,13.47,13.614,13.47
2021-01-10 00:10:00+00:00,1302,53.0,45.0,13.814,12.828,13.814,12.828
2021-01-10 00:20:00+00:00,1302,53.2,45.0,13.128,12.634,13.128,12.634
2021-01-10 00:30:00+00:00,1302,54.0,45.0,12.546,11.67,12.546,11.67
2021-01-10 00:40:00+00:00,1302,54.4,44.0,12.476,12.272,12.476,12.272
2021-01-10 00:50:00+00:00,1302,55.0,44.0,12.084,11.962,12.084,11.962
2021-01-10 01:00:00+00:00,1302,55.8,43.4,11.49,11.202,11.49,11.202
2021-01-10 01:10:00+00:00,1302,55.8,43.2,12.418,11.324,12.418,11.324
2021-01-10 01:20:00+00:00,1302,56.8,43.0,11.938,11.354,11.938,11.354
2021-01-10 01:30:00+00:00,1302,57.0,42.6,11.614,11.402,11.614,11.402
2021-01-10 01:40:00+00:00,1302,57.6,42.0,11.428,10.228,11.428,10.228
2021-01-10 01:50:00+00:00,1302,58.2,42.0,10.784,10.806,10.784,10.806
2021-01-10 02:00:00+00:00,1302,58.4,42.0,11.34,10.922,11.34,10.922
2021-01-10 02:10:00+00:00,1302,58.6,42.0,10.32,9.732,10.32,9.732
2021-01-10 02:20:00+00:00,1302,59.0,42.0,10.398,10.3,10.398,10.3
2021-01-10 02:30:00+00:00,1302,59.2,41.6,10.838,10.216,10.838,10.216
2021-01-10 02:40:00+00:00,1302,59.0,41.8,11.68,10.83,11.68,10.83
2021-01-10 02:50:00+00:00,1302,59.0,42.0,10.502,10.58,10.502,10.58
2021-01-10 03:00:00+00:00,1302,59.0,42.0,9.704,9.936,9.704,9.936
2021-01-10 03:10:00+00:00,1302,59.0,42.0,8.81,8.99,8.81,8.99
2021-01-10 03:20:00+00:00,1302,59.0,42.0,9.154,8.742,9.154,8.742
2021-01-10 03:30:00+00:00,1302,59.2,42.0,8.04,8.77,8.04,8.77
2021-01-10 03:40:00+00:00,1302,59.2,42.0,8.256,7.848,8.256,7.848
2021-01-10 03:50:00+00:00,1302,59.0,42.0,7.152,6.516,7.152,6.516
2021-01-10 04:00:00+00:00,1302,59.0,42.4,6.476,6.48,6.476,6.48
2021-01-10 04:10:00+00:00,1302,58.6,43.0,6.8,6.07,6.8,6.07
2021-01-10 04:20:00+00:00,1302,58.0,43.0,5.33,4.836,5.33,4.836
2021-01-10 04:30:00+00:00,1302,57.4,43.0,3.936,4.032,3.936,4.032
2021-01-10 04:40:00+00:00,1302,57.0,44.0,5.066,4.498,5.066,4.498
2021-01-10 04:50:00+00:00,1302,57.0,44.0,18.944,18.622,18.944,18.622
2021-01-10 05:00:00+00:00,1302,57.0,43.6,18.7,18.652,18.7,18.652
2021-01-10 05:10:00+00:00,1302,57.0,43.2,19.018,17.53,19.018,17.53
2021-01-10 05:20:00+00:00,1302,57.0,43.4,18.382,18.212,18.382,18.212
2021-01-10 05:30:00+00:00,1302,57.0,43.4,16.574,15.514,16.574,15.514
2021-01-10 05:40:00+00:00,1302,57.4,43.4,10.838,10.326,10.838,10.326
2021-01-10 05:50:00+00:00,1302,57.0,44.0,6.58,6.32,6.58,6.32
2021-01-10 06:00:00+00:00,1302,57.2,43.0,4.61,4.482,4.61,4.482
2021-01-10 06:10:00+00:00,1302,57.2,43.2,4.0,3.36,4.0,3.36
2021-01-10 06:20:00+00:00,1302,58.2,43.0,2.68,2.496,2.68,2.496
2021-01-10 06:30:00+00:00,1302,59.0,43.0,2.518,2.08,2.518,2.08
2021-01-10 06:40:00+00:00,1302,59.0,43.6,2.896,2.378,2.896,2.378
2021-01-10 06:50:00+00:00,1302,58.8,44.0,5.522,5.022,5.522,5.022
2021-01-10 07:00:00+00:00,1302,59.2,43.8,7.976,8.042,7.976,8.042
2021-01-10 07:10:00+00:00,1302,59.2,44.0,7.838,7.752,7.838,7.752
2021-01-10 07:20:00+00:00,1302,59.0,44.0,10.13,9.654,10.13,9.654
2021-01-10 07:30:00+00:00,1302,59.0,44.0,10.582,10.548,10.582,10.548
2021-01-10 07:40:00+00:00,1302,59.2,44.0,10.134,9.462,10.134,9.462
2021-01-10 07:50:00+00:00,1302,59.0,44.4,10.578,10.624,10.578,10.624
2021-01-10 08:00:00+00:00,1302,59.4,44.0,11.052,10.852,11.052,10.852
2021-01-10 08:10:00+00:00,1302,60.0,44.0,10.974,10.786,10.974,10.786
2021-01-10 08:20:00+00:00,1302,60.0,44.0,11.104,10.92,11.104,10.92
2021-01-10 08:30:00+00:00,1302,60.0,44.0,11.474,11.05,11.474,11.05
2021-01-10 08:40:00+00:00,1302,60.0,44.0,11.08,10.566,11.08,10.566
2021-01-10 08:50:00+00:00,1302,60.0,44.0,12.23,11.298,12.23,11.298
2021-01-10 09:00:00+00:00,1302,60.0,44.0,11.344,11.47,11.344,11.47
2021-01-10 09:10:00+00:00,1302,60.0,43.8,11.576,10.978,11.576,10.978
2021-01-10 09:20:00+00:00,1302,61.0,43.6,11.758,10.456,11.758,10.456
2021-01-10 09:30:00+00:00,1302,61.0,43.2,11.494,10.602,11.494,10.602
2021-01-10 09:40:00+00:00,1302,61.4,43.2,11.304,10.444,11.304,10.444
2021-01-10 09:50:00+00:00,1302,61.0,43.6,11.32,10.228,11.32,10.228
2021-01-10 10:00:00+00:00,1302,61.0,43.6,11.034,10.276,11.034,10.276
2021-01-10 10:10:00+00:00,1302,61.0,44.0,10.558,10.62,10.558,10.62
2021-01-10 10:20:00+00:00,1302,61.0,44.0,9.802,9.33,9.802,9.33
2021-01-10 10:30:00+00:00,1302,61.0,44.0,11.868,10.202,11.868,10.202
2021-01-10 10:40:00+00:00,1302,61.0,44.0,12.09,11.094,12.09,11.094
2021-01-10 10:50:00+00:00,1302,60.4,44.0,10.198,9.628,10.198,9.628
2021-01-10 11:00:00+00:00,1302,61.0,44.0,8.89,8.672,8.89,8.672
2021-01-10 11:10:00+00:00,1302,60.8,44.0,8.38,7.434,8.38,7.434
2021-01-10 11:20:00+00:00,1302,60.6,44.0,9.514,9.132,9.514,9.132
2021-01-10 11:30:00+00:00,1302,60.2,44.0,9.998,8.624,9.998,8.624
2021-01-10 11:40:00+00:00,1302,60.6,44.0,10.748,9.904,10.748,9.904
2021-01-10 11:50:00+00:00,1302,60.2,44.0,8.9,8.488,8.9,8.488
2021-01-10 12:00:00+00:00,1302,60.2,44.0,7.532,7.65,7.532,7.65
2021-01-10 12:10:00+00:00,1302,61.0,44.0,7.322,6.108,7.322,6.108
2021-01-10 12:20:00+00:00,1302,61.4,43.2,7.18,6.206,7.18,6.206
2021-01-10 12:30:00+00:00,1302,61.2,43.8,6.554,6.364,6.554,6.364
2021-01-10 12:40:00+00:00,1302,61.2,43.6,6.696,5.652,6.696,5.652
2021-01-10 12:50:00+00:00,1302,61.2,44.0,7.368,5.928,7.368,5.928
2021-01-10 13:00:00+00:00,1302,61.0,44.0,10.664,9.856,10.664,9.856
2021-01-10 13:10:00+00:00,1302,61.0,43.4,11.408,10.466,11.408,10.466
2021-01-10 13:20:00+00:00,1302,61.6,43.0,10.364,9.472,10.364,9.472
2021-01-10 13:30:00+00:00,1302,62.2,43.0,7.54,6.524,7.54,6.524
2021-01-10 13:40:00+00:00,1302,62.0,43.4,7.382,6.718,7.382,6.718
2021-01-10 13:50:00+00:00,1302,62.0,43.0,7.556,6.486,7.556,6.486
2021-01-10 14:00:00+00:00,1302,63.0,43.0,7.404,6.208,7.404,6.208
2021-01-10 14:10:00+00:00,1302,63.0,42.8,7.026,6.136,7.026,6.136
2021-01-10 14:20:00+00:00,1302,63.0,43.2,7.194,6.058,7.194,6.058
2021-01-10 14:30:00+00:00,1302,61.6,44.0,6.68,5.998,6.68,5.998
2021-01-10 14:40:00+00:00,1302,61.4,43.8,7.86,6.918,7.86,6.918
2021-01-10 14:50:00+00:00,1302,61.6,44.0,6.836,5.792,6.836,5.792
2021-01-10 15:00:00+00:00,1302,61.8,43.0,5.426,4.416,5.426,4.416
2021-01-10 15:10:00+00:00,1302,62.2,44.0,4.43,4.234,4.43,4.234
2021-01-10 15:20:00+00:00,1302,61.6,44.0,3.976,4.008,3.976,4.008
2021-01-10 15:30:00+00:00,1302,62.2,43.8,4.168,3.626,4.168,3.626
2021-01-10 15:40:00+00:00,1302,61.2,44.0,6.228,5.852,6.228,5.852
2021-01-10 15:50:00+00:00,1302,61.2,44.0,7.06,6.822,7.06,6.822
2021-01-10 16:00:00+00:00,1302,61.6,43.8,5.118,4.784,5.118,4.784
2021-01-10 16:10:00+00:00,1302,62.0,43.8,4.116,3.692,4.116,3.692
2021-01-10 16:20:00+00:00,1302,62.0,43.8,3.842,3.362,3.842,3.362
2021-01-10 16:30:00+00:00,1302,61.2,44.6,3.442,3.716,3.442,3.716
2021-01-10 16:40:00+00:00,1302,60.6,45.0,10.562,9.526,10.562,9.526
2021-01-10 16:50:00+00:00,1302,60.0,45.0,10.644,10.474,10.644,10.474
2021-01-10 17:00:00+00:00,1302,60.4,45.0,9.074,8.458,9.074,8.458
2021-01-10 17:10:00+00:00,1302,60.0,45.0,11.708,11.284,11.708,11.284
2021-01-10 17:20:00+00:00,1302,60.0,45.2,12.996,12.08,12.996,12.08
2021-01-10 17:30:00+00:00,1302,60.0,45.8,9.414,9.556,9.414,9.556
2021-01-10 17:40:00+00:00,1302,59.4,45.8,7.676,7.232,7.676,7.232
2021-01-10 17:50:00+00:00,1302,59.0,46.0,7.488,7.16,7.488,7.16
2021-01-10 18:00:00+00:00,1302,58.6,47.2,7.008,6.406,7.008,6.406
2021-01-10 18:10:00+00:00,1302,56.4,48.8,11.484,11.24,11.484,11.24
2021-01-10 18:20:00+00:00,1302,56.0,49.0,14.556,14.682,14.556,14.682
2021-01-10 18:30:00+00:00,1302,55.6,49.6,11.79,11.68,11.79,11.68
2021-01-10 18:40:00+00:00,1302,55.0,49.6,10.942,10.28,10.942,10.28
2021-01-10 18:50:00+00:00,1302,54.8,49.8,11.95,11.586,11.95,11.586
2021-01-10 19:00:00+00:00,1302,54.0,49.4,13.796,13.084,13.796,13.084
2021-01-10 19:10:00+00:00,1302,54.0,49.0,12.026,11.894,12.026,11.894
2021-01-10 19:20:00+00:00,1302,54.2,48.0,12.548,12.56,12.548,12.56
2021-01-10 19:30:00+00:00,1302,54.0,48.6,14.918,14.314,14.918,14.314
2021-01-10 19:40:00+00:00,1302,54.6,49.0,16.738,16.13,16.738,16.13
2021-01-10 19:50:00+00:00,1302,54.2,48.8,16.778,16.392,16.778,16.392
2021-01-10 20:00:00+00:00,1302,54.0,48.8,13.836,13.66,13.836,13.66
2021-01-10 20:10:00+00:00,1302,54.0,48.6,12.912,12.734,12.912,12.734
2021-01-10 20:20:00+00:00,1302,54.0,49.0,10.92,11.336,10.92,11.336
2021-01-10 20:30:00+00:00,1302,53.0,49.0,10.414,9.854,10.414,9.854
2021-01-10 20:40:00+00:00,1302,52.2,49.0,10.258,9.884,10.258,9.884
2021-01-10 20:50:00+00:00,1302,52.2,49.8,10.368,9.542,10.368,9.542
2021-01-10 21:00:00+00:00,1302,51.6,49.8,10.112,9.428,10.112,9.428
2021-01-10 21:10:00+00:00,1302,51.6,50.0,9.148,9.046,9.148,9.046
2021-01-10 21:20:00+00:00,1302,51.4,50.0,10.004,9.966,10.004,9.966
2021-01-10 21:30:00+00:00,1302,51.0,50.0,11.118,10.168,11.118,10.168
2021-01-10 21:40:00+00:00,1302,51.2,50.0,11.814,11.862,11.814,11.862
2021-01-10 21:50:00+00:00,1302,51.0,50.2,10.834,10.46,10.834,10.46
2021-01-10 22:00:00+00:00,1302,51.6,50.4,11.066,11.048,11.066,11.048
2021-01-10 22:10:00+00:00,1302,51.4,50.0,10.532,10.172,10.532,10.172
2021-01-10 22:20:00+00:00,1302,51.8,50.2,11.228,11.02,11.228,11.02
2021-01-10 22:30:00+00:00,1302,52.0,50.6,11.01,10.658,11.01,10.658
2021-01-10 22:40:00+00:00,1302,51.4,50.4,11.508,10.688,11.508,10.688
2021-01-10 22:50:00+00:00,1302,51.4,50.0,10.188,9.792,10.188,9.792
2021-01-10 23:00:00+00:00,1302,51.6,50.0,9.292,8.976,9.292,8.976
2021-01-10 23:10:00+00:00,1302,51.8,50.0,8.76,8.546,8.76,8.546
2021-01-10 23:20:00+00:00,1302,52.0,50.0,8.144,7.782,8.144,7.782
2021-01-10 23:30:00+00:00,1302,52.0,50.0,7.376,6.724,7.376,6.724
2021-01-10 23:40:00+00:00,1302,52.0,50.0,7.756,7.028,7.756,7.028
2021-01-10 23:50:00+00:00,1302,52.6,49.8,7.7,8.01,7.7,8.01
